Date,SPY,TLT,IEF,GLD,VNQ,DBC
2016-01-04,200.2454,119.8037,104.827,115.2931,80.1901,16.0843
2016-01-05,199.1413,119.1984,104.5166,114.4858,79.5993,16.0066
2016-01-06,200.3912,119.6132,104.6595,114.4289,80.5565,15.9937
2016-01-07,200.5395,120.3786,104.8187,114.1719,80.6515,15.9358
2016-01-08,200.2153,121.4169,105.1513,114.3522,81.1667,15.7057
2016-01-11,201.917,120.9144,105.0142,116.9232,81.9719,15.8282
2016-01-12,200.9023,119.8729,104.7068,119.5634,81.1364,15.643
2016-01-13,201.6967,120.5701,104.9195,119.7346,81.9823,15.6771
2016-01-14,202.4617,120.3177,104.8293,118.7527,82.2816,15.403
2016-01-15,199.384,122.7936,105.5555,121.4735,81.3703,15.5691
2016-01-18,199.6403,122.9258,105.9843,122.2855,81.3238,15.6105
2016-01-19,197.0079,120.9853,105.5098,121.3749,80.0339,15.4352
2016-01-20,196.9747,121.2931,105.6006,121.6787,80.0687,15.3801
2016-01-21,188.8576,122.9841,106.1963,121.1281,77.4264,14.9508
2016-01-22,189.1756,125.7112,106.9857,118.8841,77.6723,14.5798
2016-01-25,190.2322,126.3724,107.292,120.1614,77.9383,14.6837
2016-01-26,190.7677,127.4303,107.5923,120.2099,77.7983,14.4754
2016-01-27,190.199,128.0793,107.77,119.4724,77.4271,14.4849
2016-01-28,188.031,129.2704,108.3177,120.091,76.6052,14.2649
2016-01-29,187.8418,130.5563,108.8205,119.4712,76.3554,14.2116
2016-02-01,184.4851,131.7847,108.8318,117.6234,74.8855,13.951
2016-02-02,186.3047,131.7797,108.9214,115.8261,75.6395,13.9494
2016-02-03,186.5715,131.9653,108.9314,115.6335,76.0916,13.9528
2016-02-04,191.2601,129.1699,108.1548,116.178,77.5785,14.0043
2016-02-05,192.3391,128.9405,108.1622,115.7071,77.8442,13.8435
2016-02-08,189.8873,129.4822,108.2554,114.7055,77.1918,13.7477
2016-02-09,190.9364,128.7309,108.1131,115.9976,77.3357,13.7875
2016-02-10,191.068,127.8679,107.8747,116.87,76.9483,13.8026
2016-02-11,191.2384,128.4718,108.0979,117.7877,77.0977,13.7386
2016-02-12,189.9351,128.6306,107.9594,118.067,76.3571,13.63
2016-02-15,191.6338,128.399,107.9171,118.359,76.7021,13.6895
2016-02-16,191.3047,127.9183,107.7637,119.113,76.8061,13.6375
2016-02-17,189.8532,127.8675,107.9274,121.0429,76.2789,13.7703
2016-02-18,192.0087,126.5381,107.6045,121.8921,76.5556,13.8898
2016-02-19,191.3753,126.1146,107.4567,122.1389,76.085,13.547
2016-02-22,191.8061,126.4572,107.8487,122.7474,76.402,13.5869
2016-02-23,191.4495,126.5647,107.9598,121.6325,76.23,13.4936
2016-02-24,190.1097,126.8166,107.9255,120.4055,75.7044,13.3868
2016-02-25,187.6567,128.2335,108.2957,120.5947,75.1334,13.3127
2016-02-26,190.2204,127.0884,107.9378,121.2242,76.0057,13.4596
2016-02-29,190.532,127.8101,107.9957,122.0736,76.4182,13.5558
2016-03-01,190.1823,127.7607,107.9997,122.0773,76.3255,13.6516
2016-03-02,189.5549,127.5857,108.0632,122.6815,75.9519,13.7859
2016-03-03,188.3709,126.2416,107.7214,123.063,75.2853,13.7449
2016-03-04,188.4904,125.9474,107.9298,123.5995,75.2965,13.8431
2016-03-07,187.2616,126.4034,107.9771,124.2896,74.8428,13.7869
2016-03-08,187.6144,126.931,108.2131,124.7087,74.5461,13.8068
2016-03-09,186.7257,129.0639,108.6884,125.6216,74.4339,13.7519
2016-03-10,186.7256,129.3718,108.6656,126.2958,73.6234,13.918
2016-03-11,187.0002,129.6311,108.8213,124.3439,74.1047,13.8919
2016-03-14,187.2845,128.9796,108.6203,125.148,74.0987,13.9416
2016-03-15,187.2001,129.982,108.8262,125.4116,74.2374,14.1543
2016-03-16,188.0003,129.6057,108.737,124.7022,74.5667,14.2301
2016-03-17,187.8753,130.0953,108.9052,127.1478,74.8673,14.3872
2016-03-18,188.2473,127.4968,108.1929,126.8425,74.6817,14.477
2016-03-21,188.8091,127.0308,108.0176,126.4759,75.0939,14.4051
2016-03-22,190.0008,127.742,108.1502,127.0604,74.5886,14.3836
2016-03-23,192.3367,127.3086,107.9923,127.3309,76.264,14.3526
2016-03-24,192.9382,127.2727,108.206,127.0872,76.0099,14.3889
2016-03-25,196.151,126.756,107.9338,127.0117,77.2711,14.6042
2016-03-28,197.1348,124.012,107.122,126.6367,75.8165,14.7539
2016-03-29,197.0698,123.4253,106.8523,127.0514,75.4362,14.8479
2016-03-30,196.6303,123.8463,106.9983,127.4752,74.5528,14.7959
2016-03-31,199.2373,123.1292,106.8397,128.4673,76.7327,14.8188
2016-04-01,196.737,123.1034,106.8335,129.1532,76.7103,14.7371
2016-04-04,195.2507,123.3753,106.8163,128.1631,76.5039,14.648
2016-04-05,194.7939,124.9995,107.3248,128.6439,77.3673,14.3905
2016-04-06,195.1824,124.825,107.4163,129.1241,78.3407,14.1971
2016-04-07,194.9838,124.3527,107.3088,129.7757,77.1494,14.2079
2016-04-08,196.0384,124.4405,107.2194,131.8163,77.5166,14.3683
2016-04-11,196.9689,122.7199,106.7304,130.3198,77.6136,14.2891
2016-04-12,197.6791,122.8403,106.6783,131.3437,78.3632,14.4079
2016-04-13,200.5693,122.2142,106.5238,129.9665,79.0523,14.4541
2016-04-14,198.7636,122.5236,106.6854,129.7556,73.8211,14.4425
2016-04-15,201.3752,123.5194,107.2169,131.0216,73.4352,14.4319
2016-04-18,202.7425,122.8258,107.3058,131.5281,72.9163,14.5406
2016-04-19,203.0368,122.7696,107.3221,132.3326,72.8624,14.5891
2016-04-20,201.3651,122.445,107.3967,128.6716,72.8527,14.375
2016-04-21,201.4492,122.9696,107.4819,128.7086,72.0643,14.3923
2016-04-22,201.3694,124.4369,108.0058,128.4744,72.1244,14.3443
2016-04-25,203.8953,123.482,107.7701,129.4042,72.092,14.4042
2016-04-26,204.9202,124.8082,108.2277,129.7784,73.1655,14.4152
2016-04-27,204.9136,125.6181,108.497,128.5292,72.679,14.422
2016-04-28,207.8194,124.9241,108.3757,128.021,73.9395,14.5338
2016-04-29,210.8331,124.2856,108.5731,128.5043,75.8182,14.5296
2016-05-02,213.481,124.4565,108.79,130.8686,77.2419,14.3762
2016-05-03,219.8076,124.3184,108.8948,131.8982,79.5252,14.794
2016-05-04,221.0473,125.2663,109.3339,132.5763,79.712,14.7607
2016-05-05,221.2054,125.5178,109.3212,132.7624,80.3541,14.7724
2016-05-06,222.7338,125.485,109.3046,132.5304,80.1301,14.8466
2016-05-09,223.8229,125.859,109.4183,133.2173,80.6539,15.0871
2016-05-10,227.7303,124.5766,109.1569,132.3807,81.6402,15.2793
2016-05-11,227.2199,124.9408,109.2584,132.2337,81.5423,15.1253
2016-05-12,225.1083,126.3675,109.6204,131.7472,81.0986,15.025
2016-05-13,223.7962,126.708,109.7141,131.0266,80.8315,14.8869
2016-05-16,219.5077,126.875,109.71,129.7703,79.2246,14.7221
2016-05-17,219.6485,127.2925,109.9699,127.7038,79.6024,14.7521
2016-05-18,218.0668,127.8554,110.0354,128.068,79.0535,14.7559
2016-05-19,218.3384,127.5424,109.8923,127.6816,79.0207,14.6927
2016-05-20,216.5818,127.5925,109.8342,126.2267,78.1974,14.62
2016-05-23,217.058,128.1806,110.0111,127.0086,78.8917,14.5747
2016-05-24,216.8739,128.0576,110.0133,126.6749,78.8211,14.6513
2016-05-25,218.3803,128.2943,110.0225,125.8101,79.5338,14.6927
2016-05-26,219.3066,125.7553,109.4445,125.2254,79.5478,14.869
2016-05-27,219.3797,128.4771,110.1307,126.2872,80.0271,14.8029
2016-05-30,215.3566,128.977,110.3652,126.8253,78.2347,14.6847
2016-05-31,215.692,130.8167,110.9031,126.0629,77.0561,14.5809
2016-06-01,219.8512,129.9462,110.5996,124.9944,77.939,14.5847
2016-06-02,223.5557,128.5964,110.1747,125.6801,80.0627,14.8921
2016-06-03,225.2068,127.3572,109.805,125.5197,80.7029,15.042
2016-06-06,224.9195,128.0838,109.7273,125.6343,80.5455,15.0418
2016-06-07,222.4775,129.423,110.1966,125.2844,79.8321,14.9853
2016-06-08,222.187,129.6288,110.2293,126.9107,79.5276,15.0818
2016-06-09,219.5518,129.8039,110.1721,127.422,78.8319,15.0063
2016-06-10,219.3487,130.4465,110.477,127.5283,78.5628,14.9375
2016-06-13,221.7349,129.8847,110.3844,128.0538,79.445,14.8334
2016-06-14,223.5353,129.202,110.198,128.5902,79.7937,14.9545
2016-06-15,224.0643,129.4991,110.3854,128.6782,78.073,15.1075
2016-06-16,222.9776,130.0706,110.6789,128.7918,78.1411,15.1645
2016-06-17,221.5003,129.7283,110.779,128.1426,77.9494,15.0693
2016-06-20,223.573,129.3418,110.5694,127.7458,78.9105,15.2433
2016-06-21,222.713,129.4576,110.6345,126.4255,78.7762,14.9848
2016-06-22,222.2915,129.6949,110.6903,125.3943,78.6075,14.7955
2016-06-23,223.0815,129.4624,110.668,125.193,78.8972,14.9682
2016-06-24,224.7212,128.81,110.4627,124.2022,79.5973,15.1402
2016-06-27,220.6843,130.2878,110.8695,124.2056,78.8353,15.0107
2016-06-28,222.5767,129.443,110.7039,122.512,79.4212,15.013
2016-06-29,223.3321,129.2328,110.4582,122.8485,80.1568,15.001
2016-06-30,224.1527,128.8545,110.3876,123.8784,80.1496,14.9888
2016-07-01,227.3317,128.5053,110.2665,124.6127,81.3388,15.0552
2016-07-04,228.4642,128.1327,110.1929,123.4221,82.061,15.1332
2016-07-05,227.9176,128.7345,110.38,123.3218,81.2103,15.1198
2016-07-06,227.1621,129.2104,110.5968,123.5242,81.3712,15.2223
2016-07-07,226.1366,128.9737,110.4126,123.5086,80.8555,15.1883
2016-07-08,225.3972,130.2379,110.9768,123.7436,80.5502,15.1309
2016-07-11,226.8003,130.2309,110.7194,123.0348,80.8173,15.1161
2016-07-12,226.4587,130.6094,110.7792,123.1837,81.1576,15.0477
2016-07-13,227.8284,129.7791,110.5871,122.2099,81.3467,15.1662
2016-07-14,227.2073,129.1587,110.4318,119.9846,81.6159,14.9231
2016-07-15,223.4526,129.7536,110.3437,120.228,80.8552,14.9748
2016-07-18,224.3161,129.0717,109.941,120.9824,81.0557,15.1021
2016-07-19,226.7365,130.293,110.2619,121.3603,81.6726,15.1684
2016-07-20,225.6346,130.5533,110.0458,118.7722,80.9546,15.0332
2016-07-21,220.0382,131.4762,110.1918,119.2986,80.0291,14.9769
2016-07-22,219.5258,132.059,110.4408,120.1261,79.7609,14.9061
2016-07-25,220.4289,131.9721,110.3321,120.7118,80.4029,14.9776
2016-07-26,221.0647,132.275,110.38,120.4873,79.9297,15.0243
2016-07-27,219.9176,132.9654,110.6108,120.2022,79.1671,14.9669
2016-07-28,218.8514,134.3475,111.1216,121.3384,79.1253,14.8704
2016-07-29,217.8648,134.2761,111.0358,124.0043,77.945,15.0829
2016-08-01,217.9167,133.7523,110.8341,124.2934,77.0139,15.2509
2016-08-02,220.1017,132.9913,110.4681,124.7344,76.3664,15.1187
2016-08-03,222.5368,133.1231,110.5185,124.8785,77.0652,15.129
2016-08-04,222.7767,133.2164,110.5007,124.094,77.5118,15.1593
2016-08-05,218.4385,133.1075,110.514,123.8043,75.8232,15.0955
2016-08-08,220.5202,133.5173,110.6525,124.0803,76.7181,15.0301
2016-08-09,217.9961,134.7429,110.8886,124.7442,75.8599,14.9247
2016-08-10,218.7397,134.1166,110.7345,124.7005,76.1712,14.9843
2016-08-11,217.8508,135.5421,111.1593,123.462,74.9967,15.0224
2016-08-12,218.2502,135.4235,111.2366,123.5528,75.6701,15.1396
2016-08-15,220.7527,135.2493,110.6498,123.2304,76.96,15.0377
2016-08-16,221.587,135.2929,110.848,125.2569,77.1078,15.1237
2016-08-17,221.9372,135.7936,111.0441,125.2286,77.2732,15.2033
2016-08-18,222.5664,137.0954,111.3565,124.3704,76.6231,15.213
2016-08-19,223.0462,136.2524,111.0787,123.737,77.1612,15.1392
2016-08-22,221.1648,136.845,111.2263,124.163,76.8958,15.1159
2016-08-23,219.8816,137.82,111.2468,123.4987,76.48,14.9713
2016-08-24,219.2911,138.6845,111.4475,123.0729,76.2938,14.896
2016-08-25,219.829,139.193,111.655,123.0102,76.647,15.0707
2016-08-26,220.4819,140.0248,111.8412,123.6514,77.4485,15.2081
2016-08-29,221.3693,139.4688,111.594,122.4869,78.6887,15.3019
2016-08-30,220.7917,138.6104,111.3454,122.1283,77.5427,15.3154
2016-08-31,219.3322,139.1393,111.6639,121.2286,77.8973,15.2758
2016-09-01,222.3754,138.6071,111.5432,121.762,79.1422,15.3556
2016-09-02,223.4466,141.1503,112.3468,123.7263,80.5094,15.366
2016-09-05,228.7186,141.0903,112.4406,123.4665,81.8064,15.5055
2016-09-06,218.3872,144.0447,113.2004,124.3787,78.8693,15.3078
2016-09-07,219.4784,141.7888,112.6118,120.5389,78.97,15.2717
2016-09-08,221.1722,145.3965,113.7045,121.8294,80.0391,15.2249
2016-09-09,220.1762,147.629,114.3637,122.643,80.5941,15.184
2016-09-12,220.5585,148.9586,114.7887,123.4648,80.8633,15.2769
2016-09-13,221.2791,147.3244,114.34,123.6446,80.8502,15.33
2016-09-14,222.6553,146.7792,114.2765,123.0435,80.8977,15.3501
2016-09-15,223.4927,145.3886,113.895,122.1656,81.1457,15.132
2016-09-16,223.6063,145.5284,113.8632,122.3536,81.2467,15.202
2016-09-19,221.9644,146.0459,113.9126,122.8868,80.6587,15.1895
2016-09-20,223.2077,145.6397,113.8869,123.1659,81.0698,15.0994
2016-09-21,222.3598,145.7083,113.8051,124.2129,81.5874,14.9075
2016-09-22,222.4285,145.9272,113.8438,124.5929,80.8613,14.7905
2016-09-23,225.9972,146.2444,113.949,125.8863,82.4757,14.9036
2016-09-26,226.5871,148.2547,114.5496,126.9798,82.899,14.9101
2016-09-27,228.7878,148.7318,114.6103,125.2399,83.5054,14.9926
2016-09-28,230.764,152.0675,115.464,126.64,85.584,14.9551
2016-09-29,231.7244,152.2439,115.2332,127.3508,85.8432,14.9823
2016-09-30,232.0676,152.1097,115.1531,127.3829,86.6305,14.8474
2016-10-03,231.114,151.8204,114.8884,126.0458,86.2497,14.6635
2016-10-04,232.7892,150.8781,114.5115,126.5288,86.7047,14.7064
2016-10-05,234.8426,149.9781,114.0709,128.0414,86.573,14.7315
2016-10-06,232.8426,149.7474,114.01,127.2353,85.4284,14.7618
2016-10-07,232.0052,151.1973,114.3929,127.7543,85.3949,14.882
2016-10-10,231.3853,150.945,114.3432,126.0939,84.7192,14.6764
2016-10-11,233.1098,150.7964,114.3979,126.5347,85.722,14.6256
2016-10-12,232.9085,150.6227,114.4202,127.3423,85.3831,14.8089
2016-10-13,227.1087,152.9865,115.0147,127.4167,84.2247,15.1703
2016-10-14,227.1349,153.7635,115.213,126.8767,84.4489,15.0958
2016-10-17,228.6786,152.7785,114.968,127.051,85.2542,15.0243
2016-10-18,232.3626,151.8577,114.8944,127.2635,87.3155,15.2203
2016-10-19,231.5241,151.9487,115.068,126.7019,87.5413,15.2627
2016-10-20,233.1915,151.4916,114.9101,126.3277,87.6593,15.399
2016-10-21,237.5109,151.0152,115.0784,127.2732,89.2461,15.7092
2016-10-24,241.13,152.0815,115.4337,127.2239,90.9061,15.6319
2016-10-25,240.9671,153.2952,115.9143,126.5253,91.7739,15.5497
2016-10-26,240.6498,154.0435,116.1917,127.9888,91.7153,15.5696
2016-10-27,244.5002,152.842,116.0218,129.6855,93.019,15.7202
2016-10-28,245.8364,151.9923,115.8869,130.0047,94.5065,15.6834
2016-10-31,246.1849,150.9984,115.5741,127.3684,94.4109,15.4993
2016-11-01,245.5531,151.439,115.7035,125.2004,94.5074,15.3129
2016-11-02,244.9173,151.7642,115.7697,125.2192,93.9815,15.4042
2016-11-03,245.5741,151.8258,115.8879,125.7431,93.3165,15.4771
2016-11-04,244.2578,152.5262,115.9849,125.5932,93.01,15.3648
2016-11-07,242.3824,153.2488,116.0038,127.0777,92.3506,15.5092
2016-11-08,241.9788,153.8143,116.243,127.0301,92.2241,15.3932
2016-11-09,243.057,154.0766,116.2943,127.5003,92.6563,15.3795
2016-11-10,242.2617,154.4613,116.3767,128.278,92.2816,15.2711
2016-11-11,241.2128,154.8437,116.3732,129.2801,92.2831,15.2156
2016-11-14,238.467,161.3186,118.0789,130.8357,93.3115,14.974
2016-11-15,237.1676,160.2086,117.5205,126.9352,93.3799,14.8538
2016-11-16,239.5059,158.4845,117.1079,126.2116,94.2663,14.9285
2016-11-17,240.4599,158.5983,116.9829,125.7636,94.8272,14.8209
2016-11-18,241.481,158.874,117.0895,124.7438,95.7418,14.7956
2016-11-21,244.7788,158.4972,116.995,124.6939,97.1118,14.8555
2016-11-22,247.0202,158.2235,116.8782,125.359,96.752,14.802
2016-11-23,245.8568,158.9969,117.1217,125.8972,96.8762,14.7673
2016-11-24,243.8501,160.2164,117.256,126.5022,96.8506,14.6206
2016-11-25,243.0665,159.5445,117.3162,126.5749,94.8788,14.5662
2016-11-28,243.6094,159.8982,117.4204,125.6826,95.32,14.6734
2016-11-29,239.6445,160.4178,117.5162,124.7185,93.5524,14.7089
2016-11-30,239.7756,160.9373,117.7545,125.0259,93.2668,14.6408
2016-12-01,239.694,162.833,118.325,126.5501,93.4782,14.653
2016-12-02,240.5216,161.3203,118.0612,125.789,93.1607,14.676
2016-12-05,241.146,162.5954,118.3794,126.0484,93.9665,14.7417
2016-12-06,241.4913,160.1543,117.7026,128.4042,94.5221,15.0135
2016-12-07,240.5165,159.831,117.6628,126.6618,94.5753,14.8321
2016-12-08,237.5642,160.9592,117.9119,127.5227,93.4081,14.8911
2016-12-09,237.3045,158.5149,117.2041,127.2644,93.0396,14.8088
2016-12-12,234.6961,159.5171,117.4687,127.5032,92.6439,14.7825
2016-12-13,235.011,159.9006,117.6274,129.6759,93.3248,14.8632
2016-12-14,236.5193,159.9333,117.5706,129.4192,95.0101,14.9185
2016-12-15,236.5462,160.4128,117.7484,128.3366,95.7013,14.7744
2016-12-16,238.672,160.3291,117.8105,129.2479,96.5178,14.9404
2016-12-19,240.2114,159.7868,117.7771,129.4418,97.2476,14.7427
2016-12-20,239.5663,158.8637,117.5708,129.5505,97.928,14.7458
2016-12-21,242.2483,157.1798,117.2765,130.1658,98.6838,14.8855
2016-12-22,239.8561,157.5554,117.4491,131.3844,97.4459,14.7479
2016-12-23,239.3799,160.2812,118.2264,130.9718,97.9933,14.6803
2016-12-26,241.0187,159.233,118.0435,130.9071,98.244,14.6185
2016-12-27,237.7795,160.0376,118.2992,132.1342,97.9863,14.8894
2016-12-28,240.3845,160.2976,118.4861,131.3827,99.0779,14.959
2016-12-29,241.5499,160.8601,118.8608,130.9396,99.3149,15.0019
2016-12-30,241.8897,160.1891,118.5973,131.7669,98.7763,14.9856
2017-01-02,244.109,158.8748,118.1943,132.0521,99.3409,15.1249
2017-01-03,252.5593,157.3943,117.8178,133.1842,102.7181,15.3013
2017-01-04,253.7156,155.3991,117.3774,132.8995,103.122,15.4277
2017-01-05,252.7999,155.3204,117.5821,131.6708,103.5362,15.3961
2017-01-06,252.4369,155.4332,117.5152,128.9072,102.8236,15.3213
2017-01-09,252.6713,157.3494,117.9983,129.6358,102.5863,15.2793
2017-01-10,249.5662,158.7461,118.207,128.8657,101.3593,15.9736
2017-01-11,249.9024,159.3314,118.4816,129.3023,101.8538,16.005
2017-01-12,245.2229,161.3364,118.7883,129.8447,100.4454,15.9622
2017-01-13,245.0113,160.9162,118.7028,129.0496,99.8935,15.838
2017-01-16,244.1941,160.8166,118.4998,128.5522,100.3275,16.0185
2017-01-17,245.5778,160.4779,118.5127,129.1497,100.7922,15.9817
2017-01-18,247.0164,159.9022,118.3972,129.9936,103.0354,16.0194
2017-01-19,247.2835,156.6416,117.6561,129.0081,102.1417,15.6168
2017-01-20,247.3204,158.7374,118.1797,129.7288,101.9684,15.5952
2017-01-23,248.6989,159.1303,118.3269,129.7186,102.6297,15.5666
2017-01-24,248.9209,160.1836,118.5881,130.4976,102.7946,15.6121
2017-01-25,249.1651,160.7693,118.9055,130.1347,103.0852,15.4798
2017-01-26,249.0546,160.8422,118.9968,131.252,103.0134,15.586
2017-01-27,250.0507,160.2009,118.8507,130.433,103.195,15.6424
2017-01-30,246.9763,159.8264,118.6158,129.9888,101.7208,15.4717
2017-01-31,249.0687,159.2992,118.4602,130.2345,102.9836,15.5381
2017-02-01,251.46,158.8971,118.5944,131.0098,103.0239,15.4799
2017-02-02,250.0052,158.4041,118.745,131.6283,102.6922,15.4785
2017-02-03,250.4491,159.9632,119.183,131.8672,103.0755,15.5553
2017-02-06,249.8337,162.2964,119.8531,131.7886,103.7711,15.5661
2017-02-07,248.6139,163.0879,120.3468,133.8787,102.6449,15.7531
2017-02-08,250.3423,162.5432,120.3632,134.4023,102.8587,15.9114
2017-02-09,250.3376,162.5282,120.4365,134.3936,102.5229,15.9278
2017-02-10,251.5239,162.1984,120.313,134.9147,103.3435,15.9434
2017-02-13,252.4838,162.8431,120.2928,134.96,102.5451,15.8042
2017-02-14,251.3166,163.9489,120.9139,134.389,101.176,15.6421
2017-02-15,251.3803,163.8227,120.9077,134.8944,101.1896,15.6217
2017-02-16,250.6486,164.8971,121.2227,135.7391,101.5486,15.6343
2017-02-17,250.7524,165.3213,121.2987,134.7854,101.6747,15.5562
2017-02-20,250.8682,165.9419,121.6068,132.8982,101.5076,14.8603
2017-02-21,248.2391,167.1817,122.0606,131.9617,100.6853,14.8082
2017-02-22,248.6607,167.308,122.1631,131.4732,101.0429,14.9152
2017-02-23,248.2312,168.3044,122.392,131.115,100.5317,14.7794
2017-02-24,248.9375,167.7218,122.0503,132.2999,101.2468,14.9168
2017-02-27,250.0331,167.2126,121.9231,133.7909,101.3906,15.1242
2017-02-28,251.0331,168.1751,122.0335,133.3517,100.7994,15.1913
2017-03-01,252.5044,169.2873,122.5938,134.0243,100.7474,15.1566
2017-03-02,253.8004,168.5718,122.3919,134.4861,101.4712,15.1345
2017-03-03,252.1311,168.7825,122.3531,135.6455,101.3219,15.1102
2017-03-06,251.8954,168.7415,122.1602,136.9605,100.8498,15.3107
2017-03-07,249.1558,169.7378,122.6376,138.3582,99.8888,15.1635
2017-03-08,249.3633,168.7332,122.2774,137.45,99.7985,14.964
2017-03-09,249.9499,169.7242,122.5198,138.8595,100.9531,14.9533
2017-03-10,248.8958,171.4431,122.7748,139.8059,100.7494,14.818
2017-03-13,249.9508,172.235,123.0194,139.3372,102.1938,14.7273
2017-03-14,250.1241,171.5389,122.8358,138.9065,101.9039,14.8354
2017-03-15,250.7312,171.6851,122.7826,139.3726,103.6628,14.9962
2017-03-16,251.5271,171.1122,122.566,139.5885,103.946,14.9851
2017-03-17,249.6204,170.7557,122.3927,138.795,103.1716,15.083
2017-03-20,248.1753,170.7751,122.3192,138.9256,102.4975,15.0778
2017-03-21,247.6178,170.4023,122.3455,138.1659,102.2583,15.1822
2017-03-22,248.5973,169.2346,122.0287,137.3211,102.5402,15.194
2017-03-23,249.6521,168.6697,121.9167,138.9182,102.2728,15.3824
2017-03-24,247.5108,166.3788,121.1941,137.889,103.243,15.399
2017-03-27,248.7708,166.0962,121.1886,139.1245,103.4463,15.6015
2017-03-28,258.6603,163.4623,120.4928,138.5966,106.9918,15.7833
2017-03-29,256.2305,164.9977,120.978,140.0175,106.5129,15.6115
2017-03-30,257.8128,165.7754,121.1438,140.9294,107.4436,15.6966
2017-03-31,258.922,165.347,121.0578,142.6446,108.2898,15.7885
2017-04-03,258.2089,165.2499,121.0096,140.4456,108.1842,15.7972
2017-04-04,259.8054,164.5356,120.5216,141.1588,109.2103,15.8536
2017-04-05,259.6479,164.5379,120.5782,144.5926,108.7113,16.036
2017-04-06,254.3764,164.5932,120.6064,143.1615,105.6953,15.7336
2017-04-07,254.321,165.0722,120.5008,142.3867,105.3414,15.6648
2017-04-10,255.483,164.1834,120.286,142.9194,106.7501,15.7791
2017-04-11,256.3651,162.5718,119.895,142.5976,107.4908,15.8561
2017-04-12,257.5039,163.8912,120.2913,143.5068,107.7203,15.9833
2017-04-13,257.8253,164.5641,120.52,143.7385,108.2887,16.1193
2017-04-14,258.1432,164.2269,120.4418,144.3353,109.1008,16.179
2017-04-17,258.194,164.0382,120.4593,144.0797,109.5867,16.0227
2017-04-18,254.6411,165.3381,120.7888,144.0379,108.3868,15.9997
2017-04-19,254.5013,164.5439,120.5863,143.8293,108.517,15.8426
2017-04-20,256.4939,165.3654,120.825,146.6438,109.8833,16.1619
2017-04-21,254.5423,165.5628,120.9289,146.8013,110.0382,16.0742
2017-04-24,257.0179,166.5965,121.2945,147.221,112.5734,16.2352
2017-04-25,257.6593,166.3591,121.3701,147.0906,113.2102,16.1681
2017-04-26,254.6358,167.0216,121.4285,146.6565,112.4841,16.1256
2017-04-27,252.2609,167.9139,121.9136,147.562,111.2672,16.0984
2017-04-28,253.6907,167.9459,122.0858,148.4289,112.146,15.8628
2017-05-01,249.0092,169.5007,122.4589,142.9886,109.5467,15.6084
2017-05-02,249.1025,169.6124,122.3313,141.2115,109.0816,15.6319
2017-05-03,249.6746,170.1242,122.3758,139.5581,108.6523,15.627
2017-05-04,248.6512,170.0625,122.3355,139.0712,108.311,15.6804
2017-05-05,252.7211,169.5144,122.0495,139.1168,109.3751,15.8702
2017-05-08,252.8438,168.4853,121.7071,138.5633,108.786,15.8119
2017-05-09,252.6784,169.0082,121.9116,137.6043,108.9544,15.6896
2017-05-10,252.794,169.4164,122.0076,138.1768,108.7128,15.5667
2017-05-11,253.0152,170.2048,122.5734,138.9338,109.1211,15.685
2017-05-12,254.4817,170.1093,122.5905,139.4243,109.061,15.7025
2017-05-15,254.9895,171.0823,122.7775,138.7678,109.0678,15.6031
2017-05-16,254.6476,171.1466,122.4918,138.0008,108.1702,15.5357
2017-05-17,254.6622,172.0531,122.6737,137.5469,108.4956,15.509
2017-05-18,255.0867,173.5338,122.9703,137.9889,108.6681,15.4437
2017-05-19,249.6653,175.1946,123.3412,137.7659,106.7797,15.1682
2017-05-22,248.5654,175.4548,123.4133,138.497,104.552,15.1999
2017-05-23,249.7316,174.7051,123.2224,138.3429,106.0752,15.2265
2017-05-24,254.8731,175.1671,123.2548,139.1947,108.4941,15.3766
2017-05-25,255.0434,176.2749,123.5866,139.7782,108.9366,15.2191
2017-05-26,254.681,177.0764,123.7706,138.5784,108.4877,14.9873
2017-05-29,254.4653,177.5543,123.8173,136.9654,108.4369,14.8887
2017-05-30,256.5553,176.6669,123.5623,137.2044,109.2396,15.0818
2017-05-31,257.931,176.2225,123.5022,136.5316,110.459,15.1465
2017-06-01,259.003,175.2538,123.2714,135.9273,111.5328,15.3128
2017-06-02,263.4011,174.5922,122.9971,136.1205,113.0583,15.2536
2017-06-05,264.9625,172.6461,122.5369,136.1028,114.8088,15.5265
2017-06-06,271.2612,170.5709,122.0491,135.8842,117.8782,15.6928
2017-06-07,273.0944,170.2781,121.8033,136.4627,118.4742,15.8096
2017-06-08,273.4968,169.6914,121.6612,133.4631,119.4438,15.8951
2017-06-09,271.4346,169.2027,121.5217,133.6426,118.3061,15.9563
2017-06-12,273.2038,169.1491,121.4843,136.0622,118.5984,16.0028
2017-06-13,273.5377,169.0169,121.6216,135.4009,118.6842,15.7848
2017-06-14,276.2799,167.4605,121.2812,135.6227,119.0099,15.9264
2017-06-15,274.6269,167.3911,121.3504,134.224,119.464,15.8922
2017-06-16,270.8242,169.3124,121.9158,134.6802,118.5769,15.8446
2017-06-19,270.7645,169.7881,122.1312,134.5867,119.115,15.7607
2017-06-20,270.7653,169.781,122.0901,135.655,119.3339,15.7986
2017-06-21,270.5249,170.099,122.1821,136.0088,118.9015,15.6655
2017-06-22,270.6291,169.3136,122.0353,135.9065,118.8877,15.6525
2017-06-23,272.6605,168.8364,121.9521,137.2636,118.6299,15.7443
2017-06-26,272.0532,168.8969,122.0629,137.9581,118.7388,15.8606
2017-06-27,272.2923,170.5025,122.3025,138.6639,118.3461,15.7696
2017-06-28,271.8041,170.398,122.213,139.6139,118.4615,15.6781
2017-06-29,272.9376,169.5779,122.1217,139.7501,118.8792,15.7386
2017-06-30,272.2532,170.4221,122.414,139.5313,118.4854,15.7895
2017-07-03,273.2945,170.0037,122.3493,139.6233,118.4917,15.8522
2017-07-04,272.7974,170.4669,122.4595,140.661,118.5034,15.9406
2017-07-05,272.3732,169.7851,122.3919,140.3655,122.6405,15.9161
2017-07-06,272.9967,169.8814,122.2984,140.5615,123.4391,15.7987
2017-07-07,270.3263,169.4221,122.2038,140.2173,122.9588,15.7131
2017-07-10,268.3773,168.9197,122.1574,140.1459,121.7684,15.731
2017-07-11,268.9545,169.3448,122.2111,140.535,122.0807,15.6788
2017-07-12,267.6417,171.0927,122.7302,141.8867,120.7557,15.6455
2017-07-13,264.7725,172.2838,122.9473,139.8162,120.0702,15.6088
2017-07-14,268.8775,172.206,122.7376,141.0621,121.5998,15.5022
2017-07-17,265.8787,173.3437,122.9413,140.754,121.0072,15.4615
2017-07-18,265.0199,171.2406,122.76,138.8791,120.2841,15.3634
2017-07-19,265.5042,171.4093,122.8182,139.0567,119.9381,15.3939
2017-07-20,265.8707,170.3384,122.7892,139.6257,120.3751,15.7028
2017-07-21,266.0118,171.3213,123.0019,140.6356,121.0855,15.833
2017-07-24,264.9478,172.0708,123.2054,141.4276,120.9955,16.0105
2017-07-25,266.2636,170.3127,122.6408,140.5437,122.2907,16.0562
2017-07-26,267.0894,171.845,122.9303,140.8326,122.6839,16.1029
2017-07-27,268.0006,171.6926,122.686,141.4574,123.3343,16.1252
2017-07-28,266.0149,172.7207,122.7135,142.5385,121.2809,15.8941
2017-07-31,266.1041,173.1463,122.7446,142.4222,123.7459,15.897
2017-08-01,264.4919,173.7066,122.9084,143.1396,124.8089,15.8925
2017-08-02,265.1325,172.9458,122.8516,142.9547,125.7638,15.8917
2017-08-03,264.8463,174.0172,123.0353,144.164,125.331,15.8323
2017-08-04,265.2414,174.5357,123.1197,144.4519,125.3467,15.8625
2017-08-07,270.142,173.7919,123.0518,145.3101,128.4021,15.8212
2017-08-08,270.8831,171.7512,122.5067,143.4835,128.5584,15.7506
2017-08-09,272.5289,171.6482,122.4763,143.7766,129.0872,15.713
2017-08-10,272.8472,171.6141,122.6523,144.0108,129.1797,15.7534
2017-08-11,274.3112,172.2174,122.794,144.2635,129.9697,15.744
2017-08-14,281.3799,168.9705,122.136,144.1287,133.1434,15.9838
2017-08-15,282.7204,168.6701,122.1324,145.4761,133.248,16.1716
2017-08-16,286.0424,168.0302,121.9561,145.1077,134.9203,16.3103
2017-08-17,286.1178,169.7388,122.4099,144.8246,134.379,15.9635
2017-08-18,285.4649,169.8579,122.4578,144.4757,132.2334,15.9494
2017-08-21,281.5006,170.2225,122.5684,144.7949,130.1144,15.7822
2017-08-22,282.2827,170.6106,122.7328,146.609,131.8857,15.917
2017-08-23,282.9547,170.6882,122.7243,148.7697,132.7566,16.1924
2017-08-24,285.531,170.541,122.6966,149.8069,134.1246,16.1499
2017-08-25,287.9237,170.7988,122.9072,151.2673,136.3908,16.275
2017-08-28,288.8475,172.1794,123.2967,153.5103,137.4487,16.343
2017-08-29,288.5585,172.8859,123.3959,153.051,136.6104,16.2912
2017-08-30,289.2501,171.2646,123.0607,154.7009,136.6702,16.5371
2017-08-31,286.6841,171.9013,123.2128,153.5898,136.0303,16.7903
2017-09-01,285.8237,171.0317,123.0768,155.1387,135.7915,17.0157
2017-09-04,286.2315,164.9752,121.5977,152.6004,135.2118,16.7494
2017-09-05,287.388,165.4555,121.7312,152.605,135.904,16.6812
2017-09-06,289.3189,164.838,121.6249,152.8735,137.0806,16.7836
2017-09-07,288.7553,164.7156,121.5394,152.2787,137.4082,16.7888
2017-09-08,289.648,167.0594,122.1643,153.6551,138.1641,16.7083
2017-09-11,289.326,167.881,122.3013,153.6269,137.2656,16.7662
2017-09-12,289.0333,168.1821,122.2988,153.7003,136.1482,16.9341
2017-09-13,286.7974,168.8703,122.4415,153.0033,134.7899,16.8948
2017-09-14,289.7729,165.958,121.6619,152.4365,136.5942,16.9538
2017-09-15,295.8756,164.0646,121.3724,152.6477,139.3603,17.082
2017-09-18,295.9538,163.3258,121.3113,154.3732,138.7518,16.9782
2017-09-19,296.5087,164.4693,121.5104,154.7392,138.6509,17.0274
2017-09-20,293.7397,167.1764,122.2198,155.5271,138.8508,16.9545
2017-09-21,294.014,172.3827,123.6793,157.7181,139.9686,16.9421
2017-09-22,296.8643,173.6955,124.1319,158.9053,141.0247,16.8626
2017-09-25,296.8208,173.7926,124.0594,160.918,141.5144,16.8569
2017-09-26,297.2015,173.9682,124.1129,161.6036,142.2706,16.6935
2017-09-27,300.0897,173.5616,123.9279,162.5586,144.2564,16.8118
2017-09-28,301.4419,172.0153,124.1547,163.132,143.6868,16.8827
2017-09-29,299.7113,174.2768,124.7157,164.5995,144.2257,16.8969
2017-10-02,299.836,174.5314,125.0523,161.7143,143.9308,16.5609
2017-10-03,301.0041,174.0287,125.0335,161.7518,144.1551,16.6614
2017-10-04,307.0019,173.1063,124.8705,161.3909,145.4288,16.8798
2017-10-05,308.9687,173.4002,125.2342,160.5928,146.5588,16.898
2017-10-06,307.6581,165.9169,123.3368,157.0883,144.5729,16.8795
2017-10-09,305.7388,166.9511,123.5523,157.3441,145.8339,17.2327
2017-10-10,307.9645,165.3407,123.2455,157.6396,146.7126,17.3463
2017-10-11,310.1389,164.7199,122.996,157.1754,146.9017,17.3355
2017-10-12,316.743,162.4762,122.5675,158.9927,149.2484,17.5216
2017-10-13,317.3766,162.3396,122.5281,156.9342,150.0002,17.4259
2017-10-16,317.707,162.5093,122.528,156.9953,149.8579,17.3292
2017-10-17,318.0975,162.2938,122.3887,159.3413,150.4799,17.5157
2017-10-18,311.0694,164.0403,122.7295,160.6499,148.1882,17.3248
2017-10-19,310.1809,166.0888,123.5037,162.6279,148.3598,17.5086
2017-10-20,305.4098,167.6284,123.8313,159.0435,147.2532,17.3051
2017-10-23,306.1566,166.5122,123.6004,160.1154,146.7079,17.3825
2017-10-24,304.9955,166.7318,123.6662,161.2875,147.0029,17.4256
2017-10-25,305.8198,165.4712,123.4558,158.8004,146.6133,17.1838
2017-10-26,307.5563,162.7946,122.8747,158.6897,145.8325,17.3867
2017-10-27,309.4895,163.1853,123.0686,159.188,147.3506,17.3951
2017-10-30,305.2484,167.6863,124.2238,160.448,146.0978,17.2596
2017-10-31,308.0764,167.5353,124.1689,161.1495,146.9439,17.4167
2017-11-01,304.6832,170.4331,124.9598,161.7026,146.3552,17.583
2017-11-02,303.2251,171.0962,125.1899,161.966,146.5527,17.5488
2017-11-03,297.3335,171.7,125.1434,161.0672,143.7941,17.8979
2017-11-06,298.6502,172.2486,125.505,161.5815,144.5659,17.9936
2017-11-07,299.6525,171.7657,125.212,161.358,145.4125,17.8187
2017-11-08,298.3159,172.3087,125.2546,158.2114,143.0889,17.6698
2017-11-09,296.2083,172.7612,125.2709,157.4937,142.4447,17.7174
2017-11-10,296.8357,170.9099,124.7614,158.5044,142.2016,17.8338
2017-11-13,295.6275,168.8697,124.1663,156.7968,141.1816,18.0394
2017-11-14,295.2303,168.9191,124.0204,156.607,141.7967,18.0329
2017-11-15,294.1051,169.8721,124.3006,154.3456,140.4453,17.8781
2017-11-16,295.2063,169.732,124.3578,151.8403,139.828,17.854
2017-11-17,292.5224,169.1688,124.1035,151.4978,138.4568,17.8069
2017-11-20,294.1687,166.5019,123.5442,151.0144,139.684,17.9151
2017-11-21,296.4844,165.9716,123.4926,150.4627,142.4894,17.9315
2017-11-22,296.159,166.1614,123.5698,150.7861,142.6815,17.8579
2017-11-23,298.0329,164.9955,123.2583,150.3995,143.8573,17.8364
2017-11-24,297.31,166.5821,123.7153,151.6562,143.9542,17.7984
2017-11-27,296.065,165.0769,123.3648,153.3784,143.8864,17.7605
2017-11-28,298.1133,165.687,123.4671,154.6436,144.9256,17.8941
2017-11-29,300.9258,164.6577,123.2096,154.881,144.7474,17.7438
2017-11-30,296.9716,163.4706,122.7599,153.7994,144.1147,17.6909
2017-12-01,300.2107,162.3613,122.4858,152.8024,145.8772,17.7775
2017-12-04,299.954,163.0073,122.7873,152.2599,145.6086,17.7189
2017-12-05,300.2807,163.1067,122.8707,152.6506,145.9274,17.8512
2017-12-06,300.803,163.2334,122.9261,152.696,146.2379,17.9257
2017-12-07,295.5068,165.281,123.5139,151.3076,145.3593,17.7516
2017-12-08,296.6295,165.328,123.4965,149.7763,146.4063,17.8054
2017-12-11,296.4377,164.4616,123.313,149.9503,146.5228,17.6628
2017-12-12,295.1126,164.6537,123.3099,149.5022,146.9679,17.6847
2017-12-13,297.8024,165.5779,123.6485,149.5586,149.0058,17.7609
2017-12-14,296.0384,165.5361,123.5918,149.318,147.7053,17.6364
2017-12-15,294.0336,166.1338,123.7264,149.4276,148.407,17.6525
2017-12-18,295.5653,164.3266,123.3351,147.827,149.6622,17.2769
2017-12-19,292.9942,164.2984,123.3946,150.4387,148.1883,17.3466
2017-12-20,296.999,163.772,123.1607,149.8133,147.8988,17.3728
2017-12-21,296.971,163.5735,123.3258,147.8173,149.7978,17.1405
2017-12-22,298.6293,163.2242,123.2651,148.5007,150.679,17.1432
2017-12-25,298.2497,163.3129,123.4452,149.1665,149.8143,16.6917
2017-12-26,299.5659,163.068,123.4345,149.0943,151.1267,16.4734
2017-12-27,305.0051,161.1299,122.8516,149.6926,153.8425,16.3258
2017-12-28,300.7049,164.9065,123.9301,150.6524,152.7827,16.3046
2017-12-29,302.1418,164.2214,123.6365,149.7251,151.9613,16.272
2018-01-01,303.3757,164.9888,123.8548,153.7909,153.5754,16.5181
2018-01-02,308.84,163.8514,123.8516,155.5634,156.6096,16.8912
2018-01-03,311.6081,160.3847,122.904,155.7938,156.2456,16.7964
2018-01-04,314.7296,160.6084,122.9036,156.2673,159.4253,16.6294
2018-01-05,314.9174,160.3667,122.842,157.7215,159.8811,16.357
2018-01-08,315.1768,159.8056,122.6781,156.1321,159.9959,16.4692
2018-01-09,313.676,159.7974,122.8372,156.4288,158.5474,16.758
2018-01-10,314.6346,160.0974,122.9202,155.5534,158.3206,16.8616
2018-01-11,321.7361,157.9996,122.3182,156.204,160.3759,16.9492
2018-01-12,320.5176,158.646,122.2834,154.834,160.454,16.3764
2018-01-15,321.102,157.3368,121.9066,153.3158,160.2771,16.3298
2018-01-16,325.0706,157.0002,121.9992,154.0131,163.0082,16.4343
2018-01-17,325.289,156.6001,121.8793,154.5015,162.3751,16.6029
2018-01-18,325.0668,157.2734,122.1809,154.4845,163.0673,16.3844
2018-01-19,326.034,156.7141,122.0527,155.0509,164.3797,16.4984
2018-01-22,325.8441,156.8159,122.1607,154.9947,164.4126,16.5679
2018-01-23,327.8922,154.8624,121.471,153.7298,165.3125,16.5369
2018-01-24,326.0927,155.1064,121.6535,153.7674,164.5649,16.3004
2018-01-25,325.7816,152.9651,121.1475,151.4765,164.3711,16.1796
2018-01-26,328.1242,154.293,121.4318,151.4868,166.3613,16.2383
2018-01-29,325.986,156.2403,122.0603,152.0105,166.1506,16.3182
2018-01-30,323.3887,156.8486,121.9176,150.5765,164.2536,16.2064
2018-01-31,323.1305,156.4547,121.8608,150.6212,163.3423,16.3518
2018-02-01,321.6049,155.829,121.6052,149.1089,163.2451,16.391
2018-02-02,321.1906,155.5341,121.3724,148.9823,162.6998,16.2739
2018-02-05,321.7211,156.9463,121.9388,151.6629,163.1364,16.3868
2018-02-06,321.6149,157.7886,122.1969,152.338,163.1651,16.379
2018-02-07,317.7266,158.5162,122.2711,150.9813,161.6678,16.2287
2018-02-08,319.215,160.7546,122.8719,153.3492,163.7609,16.4081
2018-02-09,321.6877,160.3682,122.7156,153.1057,164.9113,16.2033
2018-02-12,322.1766,160.2908,122.8275,153.3096,166.3781,16.2962
2018-02-13,326.9554,159.7639,122.6397,155.9084,168.5026,16.5334
2018-02-14,320.1544,161.7859,122.9396,154.8817,165.2913,16.7445
2018-02-15,322.3777,162.6284,123.1708,153.5669,165.9417,16.7669
2018-02-16,321.0816,162.7332,123.2181,156.8393,166.1048,16.934
2018-02-19,318.9509,163.8094,123.3504,156.3353,166.3384,16.6469
2018-02-20,318.0123,164.0132,123.4536,156.1401,169.2365,16.5725
2018-02-21,321.2554,162.193,123.0834,155.5293,171.2411,16.703
2018-02-22,318.8759,162.7902,123.3469,155.5927,170.8473,16.5537
2018-02-23,315.3356,163.1518,123.4056,155.7155,169.1287,16.5013
2018-02-26,312.3594,163.5737,123.4438,156.5933,164.2721,16.3835
2018-02-27,306.9804,164.371,123.6728,156.8198,161.7929,16.2869
2018-02-28,307.5609,164.0086,123.6247,157.6722,161.4823,16.351
2018-03-01,308.4073,162.8136,123.1788,157.0291,161.1911,16.494
2018-03-02,308.433,163.2072,123.5564,160.4791,160.7759,16.5745
2018-03-05,313.4979,162.082,123.319,160.7997,163.4513,16.6305
2018-03-06,309.2877,164.6674,123.981,162.8342,161.6131,16.8404
2018-03-07,311.7668,163.059,123.4942,162.37,162.8044,16.8728
2018-03-08,308.6843,163.3891,123.5936,163.0906,162.4793,16.703
2018-03-09,310.8441,162.2809,123.1889,163.2179,163.4302,16.7774
2018-03-12,309.2284,161.8624,123.2649,158.8699,163.7221,16.57
2018-03-13,309.5106,161.0487,123.1106,159.4267,162.5906,16.7462
2018-03-14,308.4719,159.8141,122.7248,161.1102,161.1135,17.0651
2018-03-15,310.0568,159.1545,122.5961,161.6439,161.4969,17.0012
2018-03-16,313.199,158.9588,122.5744,161.7424,160.6448,17.006
2018-03-19,312.8416,158.0881,122.3742,161.547,159.9836,16.877
2018-03-20,313.3561,158.3135,122.6713,162.7162,160.473,16.9068
2018-03-21,314.2474,159.7085,123.0096,160.3892,160.0082,16.7951
2018-03-22,312.1326,160.5742,123.2622,159.4496,159.0847,16.5776
2018-03-23,310.4311,159.3652,123.0063,157.939,158.1136,16.4812
2018-03-26,311.9217,160.0872,123.2674,161.5407,160.0213,16.769
2018-03-27,313.1689,160.75,123.3187,159.8707,161.6809,16.7006
2018-03-28,314.6278,160.7681,123.2826,158.6228,161.0958,16.7319
2018-03-29,317.4592,159.8822,122.9975,158.0503,160.3068,16.7303
2018-03-30,319.6283,160.4463,122.8561,158.331,159.4843,16.7735
2018-04-02,324.3062,160.6031,122.9361,158.7869,162.1549,16.7471
2018-04-03,325.3783,161.0516,122.9283,160.8986,163.7129,16.7201
2018-04-04,325.7337,162.7298,123.3466,159.9923,164.3615,16.7006
2018-04-05,325.7811,162.6872,123.389,160.994,163.3863,16.7599
2018-04-06,324.9432,164.207,123.9731,160.9607,163.9817,17.5998
2018-04-09,326.6779,163.366,123.7123,160.332,165.223,17.4795
2018-04-10,326.0581,163.262,123.6044,159.5132,165.416,17.2727
2018-04-11,322.8655,163.9015,123.8761,159.2882,164.3337,17.0915
2018-04-12,325.6922,163.2812,123.6717,159.3475,165.8475,17.216
2018-04-13,327.4585,165.2333,124.2219,161.4557,166.845,17.227
2018-04-16,328.6116,166.6832,124.5998,163.412,168.3193,17.3838
2018-04-17,325.5305,168.685,125.2365,162.9,167.4361,17.3537
2018-04-18,323.9364,170.1032,125.5953,161.7702,166.9623,17.2123
2018-04-19,310.9546,170.6874,125.7101,160.546,161.6486,16.8256
2018-04-20,312.4128,170.6634,125.9236,162.5248,163.1731,16.8597
2018-04-23,310.2587,172.0942,126.3874,162.3294,162.7068,16.8345
2018-04-24,310.6715,172.1209,126.3318,162.3935,162.5671,16.8833
2018-04-25,310.7083,173.3188,126.6479,162.9124,163.9408,16.9825
2018-04-26,310.8929,173.6652,126.8803,161.2836,164.7796,16.963
2018-04-27,311.6084,173.5022,126.9489,159.6867,165.6402,16.9036
2018-04-30,316.2572,171.9265,126.5811,159.9532,168.3017,17.4149
2018-05-01,319.0024,171.08,126.4075,156.9384,169.6267,17.2659
2018-05-02,315.8986,175.5257,127.3591,158.4425,170.5376,17.1824
2018-05-03,314.8067,175.3449,127.5776,158.2289,168.9071,17.5803
2018-05-04,302.1546,178.3494,128.453,157.5679,160.6707,17.0826
2018-05-07,304.2603,177.5319,128.2179,160.5778,162.2641,17.1495
2018-05-08,308.6888,178.5343,128.3518,158.6324,165.7983,17.2973
2018-05-09,308.767,179.5513,128.4956,158.003,165.569,17.369
2018-05-10,327.2297,176.9541,127.7675,156.1375,175.7241,17.4969
2018-05-11,321.493,177.9664,127.9983,156.1054,171.0245,17.2879
2018-05-14,310.8596,180.6582,128.8242,157.1104,165.6691,17.023
2018-05-15,311.1785,179.7393,128.4649,155.9225,164.3634,16.8898
2018-05-16,315.4377,181.6771,129.1099,157.34,168.7295,17.0372
2018-05-17,320.6034,180.648,128.8108,158.1128,171.451,17.2289
2018-05-18,315.2472,182.2513,129.1634,159.6316,169.5167,17.0946
2018-05-21,315.9189,180.9645,128.4327,159.4036,169.9971,17.2457
2018-05-22,322.3879,181.0989,128.445,163.0072,174.1559,17.6838
2018-05-23,320.7414,180.8155,128.0134,160.4162,173.8104,17.2066
2018-05-24,315.4218,182.6619,128.7751,163.1749,171.4673,16.9457
2018-05-25,310.2787,180.8444,128.5662,160.668,167.4383,16.6715
2018-05-28,314.7508,177.9057,127.7001,163.1665,168.46,16.8056
2018-05-29,317.4067,175.3503,127.6842,160.869,168.662,16.7615
2018-05-30,318.6085,175.7181,127.8421,161.7679,166.917,17.1376
2018-05-31,325.685,175.2283,127.6053,158.4377,171.4807,17.3483
2018-06-01,326.1436,176.192,127.2468,160.4417,174.4575,17.4836
2018-06-04,322.0905,179.2953,128.2212,162.2702,172.6017,17.778
2018-06-05,325.317,177.2737,127.7874,166.4689,174.8207,18.2542
2018-06-06,325.2888,176.5674,127.74,165.7817,174.4932,18.4088
2018-06-07,324.5807,177.0754,128.1902,166.6037,174.5952,18.2003
2018-06-08,322.1818,177.1172,128.3866,167.3507,174.2398,18.0524
2018-06-11,308.7192,182.1228,129.5293,168.3582,165.5174,17.5015
2018-06-12,308.2394,183.434,129.4642,167.6303,166.0873,17.6638
2018-06-13,309.0631,187.6612,130.3597,166.6267,168.8501,17.2915
2018-06-14,311.243,185.8279,129.8101,166.9254,167.9242,18.1207
2018-06-15,306.4364,189.9274,131.1174,166.9922,167.2521,18.0794
2018-06-18,308.1542,193.8032,132.1948,172.0391,169.9926,19.5807
2018-06-19,302.1238,195.536,132.4436,172.1556,167.3437,19.2406
2018-06-20,287.7848,199.5478,133.4345,170.9062,157.5459,18.7821
2018-06-21,283.6057,202.5578,133.9571,172.3715,156.6605,18.9371
2018-06-22,282.5857,201.0715,133.7731,172.0594,156.2371,18.6848
2018-06-25,276.2259,201.6096,133.9597,172.7621,151.0076,18.5089
2018-06-26,273.0114,202.204,134.0487,173.7322,149.3345,18.5612
2018-06-27,286.0386,198.4941,132.6039,173.2728,158.1159,19.0553
2018-06-28,288.5402,200.5872,133.3881,168.874,162.8665,18.9319
2018-06-29,288.2134,197.3563,132.5073,167.8723,160.9436,18.8784
2018-07-02,290.2088,197.6706,132.6231,168.3262,161.2343,19.0415
2018-07-03,291.4644,202.8821,134.4571,167.6985,165.2284,18.4835
2018-07-04,283.646,207.1949,134.9048,168.1081,162.6618,17.8182
2018-07-05,280.74,209.2243,135.4709,168.65,162.2111,17.5632
2018-07-06,279.0657,207.5945,135.2372,168.6259,160.879,17.4853
2018-07-09,276.4439,207.4137,135.6226,168.5454,156.9889,17.4081
2018-07-10,274.2992,207.6111,135.9761,167.4854,156.835,17.294
2018-07-11,267.0585,210.9521,136.9391,165.5053,152.2799,16.774
2018-07-12,267.6591,211.691,137.1121,164.3528,153.2164,16.6803
2018-07-13,269.6418,206.6368,135.3736,160.3577,152.9503,16.8509
2018-07-16,273.3596,205.4253,135.1036,159.1166,154.8058,16.1664
2018-07-17,274.0001,205.6453,135.1789,160.1923,154.3331,16.0527
2018-07-18,270.4526,205.3004,135.3179,160.1458,146.1243,16.0056
2018-07-19,276.9841,203.5666,134.9255,163.2554,151.2935,16.3093
2018-07-20,281.35,205.5435,135.3553,166.7439,155.559,16.5645
2018-07-23,283.2138,205.0268,135.1061,167.4589,159.3335,16.4555
2018-07-24,283.272,206.8645,135.679,164.8949,161.21,16.2856
2018-07-25,291.9459,203.5149,134.967,166.6036,165.5162,16.683
2018-07-26,295.1589,205.1905,135.2505,168.4247,168.3654,17.1315
2018-07-27,293.8552,205.1832,135.25,168.1634,167.5516,17.071
2018-07-30,290.6088,208.7604,135.8542,169.5172,166.3433,17.1988
2018-07-31,289.1696,210.7775,136.6153,171.0623,166.6531,17.0403
2018-08-01,289.5858,210.0061,136.9271,171.2077,164.9339,17.0211
2018-08-02,283.1348,211.4319,137.0786,168.3643,160.2992,16.5361
2018-08-03,284.7619,208.9704,136.6002,167.6417,162.2744,16.3167
2018-08-06,283.1256,203.6776,136.0218,164.1211,158.3297,16.1909
2018-08-07,299.2421,201.9163,135.6335,164.7712,171.0471,16.657
2018-08-08,291.6036,203.2681,135.9386,165.0752,165.9426,16.2751
2018-08-09,291.0756,203.7981,135.979,164.1475,166.9665,16.5653
2018-08-10,290.1834,204.2834,136.1004,163.7344,168.2553,16.4268
2018-08-13,291.0166,203.4073,135.8775,164.2212,168.2688,16.5495
2018-08-14,287.2675,204.7302,135.9295,160.7659,165.9976,15.9459
2018-08-15,281.6757,206.4346,136.4503,162.0127,163.16,15.6281
2018-08-16,282.4261,205.9187,136.2398,162.9231,163.4386,15.4759
2018-08-17,286.6061,207.3138,136.8197,161.8571,166.606,15.3429
2018-08-20,286.5973,205.9867,136.8019,159.4525,166.4754,15.3174
2018-08-21,297.4314,200.5876,135.3994,158.4813,173.8919,15.5832
2018-08-22,301.8743,201.5486,135.1422,156.1218,177.0277,15.5649
2018-08-23,310.5148,199.5431,134.0724,155.1968,182.5669,15.862
2018-08-24,305.1955,201.0573,134.7793,156.5084,180.0517,15.8468
2018-08-27,304.1439,199.301,134.1001,155.6746,176.2193,15.9958
2018-08-28,304.2694,200.7934,134.3878,155.6683,176.9909,15.8753
2018-08-29,306.8804,199.3574,134.5069,158.5789,179.4166,15.8949
2018-08-30,312.9566,200.3062,135.4314,157.2878,183.822,16.0329
2018-08-31,311.8422,200.5883,135.5484,159.6622,181.6822,16.2165
2018-09-03,316.3994,203.7784,136.692,161.4459,186.46,16.1056
2018-09-04,312.6898,205.4113,136.989,161.8175,185.6961,15.9237
2018-09-05,312.437,208.2021,137.5261,161.3682,185.9064,15.7133
2018-09-06,307.3721,209.3696,137.1013,161.5551,182.6916,15.8702
2018-09-07,310.2145,208.3889,136.7477,161.5046,185.6188,15.8743
2018-09-10,309.3249,208.0929,136.4416,162.3728,185.8157,15.8174
2018-09-11,310.3361,211.7203,137.4282,164.4122,189.3481,15.7871
2018-09-12,305.9164,210.8948,137.0988,164.3491,184.8946,15.8154
2018-09-13,301.0795,211.424,137.4306,165.7263,186.1788,15.5998
2018-09-14,299.9284,212.4634,137.6435,166.9661,186.1037,15.6919
2018-09-17,304.8927,209.1599,136.8619,170.8366,189.3787,15.9123
2018-09-18,304.7872,209.2934,137.0406,172.3902,188.4399,15.9419
2018-09-19,304.252,206.7497,136.2901,170.1116,186.1121,15.7788
2018-09-20,312.0105,207.6856,136.4958,171.1468,194.8149,15.5218
2018-09-21,308.595,211.2509,137.5897,172.49,197.0722,15.3292
2018-09-24,306.0606,208.8008,137.1485,167.6829,191.736,15.1033
2018-09-25,300.6436,211.6086,137.6662,166.8222,186.4695,15.0474
2018-09-26,296.0663,211.255,138.1413,158.6603,181.9425,14.726
2018-09-27,295.9159,210.3619,137.9376,159.937,181.1551,15.5609
2018-09-28,302.2536,208.7041,137.5879,156.4912,186.2908,15.8554
2018-10-01,303.5776,209.389,137.9166,156.954,188.2276,15.8517
2018-10-02,294.4376,212.204,138.4964,158.1741,182.4424,15.6724
2018-10-03,282.5246,214.2333,139.1795,161.7902,173.3859,15.4732
2018-10-04,283.5072,211.9035,138.2494,156.4075,173.2488,15.5178
2018-10-05,283.7654,212.0469,138.0842,157.7214,173.2919,15.7238
2018-10-08,287.1829,209.8552,137.3118,155.5422,175.4951,15.4457
2018-10-09,280.6906,203.8991,136.0103,152.6659,170.2961,15.1617
2018-10-10,286.9283,201.3927,135.3462,146.619,172.0725,14.862
2018-10-11,278.2983,202.5228,135.3107,145.9829,165.4016,14.6721
2018-10-12,276.6518,203.2746,135.5898,145.5295,165.2134,14.5462
2018-10-15,276.489,206.8702,136.0832,147.9937,167.809,14.5064
2018-10-16,282.6011,204.3149,135.4438,148.7556,170.4828,14.5979
2018-10-17,282.6415,202.6624,135.1402,145.1149,169.4873,14.5399
2018-10-18,284.1469,204.3457,135.7619,147.2965,171.4247,14.7805
2018-10-19,270.6619,202.6931,135.3488,149.4448,158.9021,14.8251
2018-10-22,269.0579,201.8076,135.3875,149.6282,159.9532,14.7318
2018-10-23,272.1081,201.2777,134.7903,149.3562,161.5422,14.7244
2018-10-24,267.4189,204.9832,135.7232,153.2391,160.4744,14.5472
2018-10-25,266.9578,205.2749,134.9966,152.2326,161.3026,14.427
2018-10-26,262.3884,203.8959,134.4343,150.9376,158.1582,14.3359
2018-10-29,252.5227,202.264,133.9789,151.1732,146.6863,14.2415
2018-10-30,253.4837,202.3567,134.1916,148.4739,145.9714,14.1488
2018-10-31,250.0159,200.1151,133.2296,145.5324,142.846,14.1085
2018-11-01,253.1145,200.2417,133.3239,144.7805,145.7696,14.0763
2018-11-02,251.3247,202.3788,133.9551,144.2703,145.6174,13.9683
2018-11-05,244.1788,204.8717,134.4882,142.4645,141.1501,13.6285
2018-11-06,240.4242,208.3764,135.3322,143.1928,138.6507,13.5363
2018-11-07,244.1382,206.7006,134.7618,142.6763,139.7475,13.7596
2018-11-08,251.1131,209.8129,135.2872,143.6775,146.4869,14.1899
2018-11-09,257.3932,206.9024,134.6212,142.0487,151.3822,14.1592
2018-11-12,246.4733,209.96,135.1178,142.2981,142.5791,14.0044
2018-11-13,240.0026,213.3819,135.9387,143.342,143.4305,13.5751
2018-11-14,236.8629,214.1108,136.1951,141.0853,139.937,13.3177
2018-11-15,243.4816,208.7803,135.0149,140.2422,142.6428,13.3768
2018-11-16,239.9531,207.118,134.6232,136.0443,138.741,13.1139
2018-11-19,240.3964,206.7968,134.5251,134.5942,138.5189,13.1535
2018-11-20,239.8489,206.8264,134.705,134.9627,137.9631,13.1235
2018-11-21,239.056,204.8917,134.021,135.4177,136.6689,13.1993
2018-11-22,236.7781,205.8927,134.229,135.482,137.1018,13.1743
2018-11-23,234.4253,206.57,134.3257,138.1275,135.6219,13.2204
2018-11-26,238.6876,203.3541,133.3798,137.9959,137.1727,13.5876
2018-11-27,236.3058,202.1993,133.1356,137.2684,134.9937,13.4717
2018-11-28,241.4519,202.033,133.0901,137.9997,140.0163,13.4824
2018-11-29,236.6273,204.0636,133.4797,138.8605,137.8402,13.206
2018-11-30,234.8572,203.6409,133.5209,139.2919,135.6769,13.0565
2018-12-03,229.5772,205.9578,134.1194,138.888,133.873,12.7091
2018-12-04,231.1493,203.2191,133.4328,133.576,135.5898,12.5326
2018-12-05,237.7714,202.0576,133.2563,136.391,140.535,12.6884
2018-12-06,232.645,203.3063,133.5083,137.0496,137.9752,12.5876
2018-12-07,221.348,209.877,135.2959,142.463,131.5704,12.1665
2018-12-10,223.2164,208.753,134.9025,141.6591,132.5284,12.2496
2018-12-11,220.9724,205.4934,134.0061,139.8314,130.3183,11.9616
2018-12-12,221.3886,204.2597,134.6746,140.4115,130.3292,12.0262
2018-12-13,225.221,203.7147,134.4091,139.4549,133.2262,11.9099
2018-12-14,223.8409,203.4076,134.3405,139.9707,133.1765,11.7562
2018-12-17,221.5794,207.8868,135.434,142.5854,130.4686,11.9128
2018-12-18,225.7213,207.7087,135.2761,141.6866,134.9066,12.0728
2018-12-19,230.1162,206.0399,134.7524,140.9774,136.9655,12.3821
2018-12-20,228.0904,201.7154,133.9506,139.7988,133.0495,12.162
2018-12-21,225.3534,201.0071,133.6863,140.2698,130.6522,12.1293
2018-12-24,222.8448,202.1175,133.978,140.2013,128.5335,12.0804
2018-12-25,217.4506,202.1581,133.9187,142.7879,123.6199,11.8303
2018-12-26,216.4625,200.9826,133.7653,141.4962,121.5694,11.7441
2018-12-27,214.6596,201.1538,134.0594,141.5191,120.5429,11.4815
2018-12-28,218.4163,201.6564,134.5189,141.702,123.6577,11.5185
2018-12-31,218.7865,197.4529,133.4941,141.9921,122.2375,11.318
2019-01-01,225.2975,195.5542,133.1669,141.3718,126.8531,11.4568
2019-01-02,226.9346,196.1145,133.2245,140.6021,128.7163,11.6198
2019-01-03,224.1021,198.9549,133.8919,137.1594,127.465,11.4367
2019-01-04,226.8718,196.9841,133.3573,137.616,128.5819,11.5616
2019-01-07,224.0411,199.914,133.7824,137.738,125.2123,11.6412
2019-01-08,225.2426,199.1653,133.5303,137.1998,123.0928,11.6961
2019-01-09,226.6726,199.7062,133.5595,136.8594,124.8995,11.8048
2019-01-10,227.9627,199.1394,133.1676,138.6219,126.0776,11.8613
2019-01-11,227.58,199.9637,133.3505,134.3143,123.8203,11.7116
2019-01-14,228.9096,200.2828,133.4895,136.0614,124.6011,11.8823
2019-01-15,228.8346,197.1379,132.7815,135.6951,123.4453,11.8259
2019-01-16,227.9465,197.0477,132.8303,135.0562,122.6096,11.8262
2019-01-17,235.3358,196.3691,132.7195,135.8816,127.2987,12.0685
2019-01-18,233.6731,198.155,133.2375,137.1399,127.224,11.8124
2019-01-21,235.9763,197.6664,133.0736,136.6281,128.3794,11.8743
2019-01-22,235.9298,198.3673,133.3598,135.356,132.0075,11.9251
2019-01-23,241.135,200.2696,133.8052,134.2022,134.4463,11.9838
2019-01-24,240.3358,206.9837,135.275,134.143,134.7345,11.8964
2019-01-25,242.403,207.3624,135.4101,133.5313,134.8486,11.9902
2019-01-28,237.9696,208.125,135.5004,132.7449,131.058,11.917
2019-01-29,239.417,204.4422,134.6887,131.7187,131.0673,12.0347
2019-01-30,241.3435,208.4133,135.5017,132.3914,133.6066,11.9571
2019-01-31,240.9006,207.9488,135.4197,133.8296,133.6632,12.0871
2019-02-01,240.4747,208.3109,135.5852,134.6722,134.9713,11.8768
2019-02-04,240.6654,207.8984,135.5445,135.8493,136.2103,11.9531
2019-02-05,240.5087,208.9407,135.9416,135.1345,134.9285,11.8382
2019-02-06,240.9013,208.8006,135.9258,133.9755,133.5253,11.828
2019-02-07,241.3689,210.3662,136.2426,133.811,136.3701,11.6078
2019-02-08,240.0656,213.0704,137.0995,133.5854,137.5017,11.5038
2019-02-11,241.9119,212.7991,137.1243,131.8902,137.9263,11.4542
2019-02-12,240.7613,210.4679,136.4773,132.2493,134.4153,11.5965
2019-02-13,239.573,211.654,136.6288,131.6727,133.8387,10.926
2019-02-14,236.8121,213.4077,136.8493,131.822,132.9293,11.0034
2019-02-15,239.2066,219.0113,137.9345,133.957,133.5548,11.0268
2019-02-18,238.7492,217.8902,137.9458,133.9019,132.4787,10.9955
2019-02-19,235.7518,219.2014,138.271,134.3144,130.6895,10.9396
2019-02-20,236.3257,219.0582,138.473,134.3639,131.4587,10.8531
2019-02-21,233.5617,218.6165,138.3225,131.5437,129.4034,10.6692
2019-02-22,230.5333,219.9702,138.5784,131.6614,128.4412,10.6036
2019-02-25,236.7811,220.2192,138.6816,131.7391,132.7387,10.8329
2019-02-26,236.8633,220.3964,138.8461,131.5697,133.8908,10.7866
2019-02-27,238.4119,218.0976,138.2795,131.9317,134.0513,11.0034
2019-02-28,239.2812,217.0547,137.995,132.279,137.0517,11.0577
2019-03-01,238.0725,216.5815,137.8185,132.6698,137.2125,11.0963
2019-03-04,236.8448,217.7863,138.181,134.0273,137.3191,11.169
2019-03-05,236.9445,217.5347,138.1593,135.9805,136.9199,11.3112
2019-03-06,237.7592,217.4759,138.1877,134.8984,136.135,11.2055
2019-03-07,236.1876,219.0282,138.5293,133.7309,136.4673,11.1265
2019-03-08,236.4436,219.8878,138.9091,134.0945,137.0494,11.0637
2019-03-11,241.6266,218.9365,138.8077,137.0924,138.0607,11.1952
2019-03-12,233.9543,222.3083,139.7903,137.7481,134.5698,11.1079
2019-03-13,234.4772,222.6982,139.8347,138.9905,131.8749,11.1822
2019-03-14,233.3889,223.4721,140.0745,138.6851,130.6706,11.1284
2019-03-15,231.068,224.3749,140.2267,138.8413,130.1048,11.2619
2019-03-18,229.4149,225.5317,140.5981,138.4869,128.7004,11.2872
2019-03-19,230.4344,223.4125,140.3354,137.8044,129.6922,11.3196
2019-03-20,230.6276,223.3779,140.3107,136.5671,128.3361,11.6755
2019-03-21,229.4137,225.7106,140.7116,140.84,127.9937,11.748
2019-03-22,227.9379,225.4524,140.5053,140.6398,128.5979,11.7114
2019-03-25,224.7219,228.0168,141.198,141.1601,126.7722,11.7039
2019-03-26,224.3579,228.5252,141.2651,137.9477,124.1798,11.5435
2019-03-27,224.9174,227.6592,140.9947,137.2356,123.8594,11.5952
2019-03-28,224.5428,226.9536,140.5715,136.3262,126.681,11.6472
2019-03-29,223.0239,228.5507,140.8566,137.1256,127.3602,11.6386
2019-04-01,224.0904,227.1444,140.4244,138.7271,128.5383,11.6105
2019-04-02,224.3009,226.3269,140.463,140.2716,130.3619,11.6347
2019-04-03,225.4627,221.329,139.2568,140.5165,128.8335,11.6629
2019-04-04,226.6121,222.2601,139.098,140.9622,130.3459,11.5247
2019-04-05,224.1029,222.9212,139.1043,139.8512,130.0448,11.4614
2019-04-08,223.3773,221.9116,138.8498,140.6088,128.5854,11.5278
2019-04-09,222.3806,221.9376,138.9004,141.6843,127.7893,11.5704
2019-04-10,223.0882,220.7519,138.5982,142.2114,128.2052,11.5807
2019-04-11,223.529,221.2013,138.6944,142.393,128.459,11.4344
2019-04-12,223.0459,218.8192,138.1833,142.124,126.9931,11.4429
2019-04-15,225.0207,217.4603,137.6846,142.296,127.17,11.4292
2019-04-16,224.4207,218.7885,138.1364,139.6412,128.0751,11.2094
2019-04-17,228.3049,218.0299,137.9697,139.9086,129.7998,10.7469
2019-04-18,230.0406,219.9511,138.3289,141.897,131.1562,10.7237
2019-04-19,230.3739,218.8322,138.1041,142.7256,131.6453,10.6996
2019-04-22,226.9776,218.5904,138.0668,141.3447,130.1214,10.6417
2019-04-23,228.3305,219.0925,138.012,141.3044,131.2064,10.7442
2019-04-24,227.0077,218.0296,137.6967,140.6681,130.4949,10.7454
2019-04-25,228.3797,218.3782,137.7089,143.5161,132.899,10.8493
2019-04-26,230.6754,215.6377,136.9429,140.7649,132.7898,10.756
2019-04-29,232.0731,214.5367,136.7477,141.7882,132.6766,10.9543
2019-04-30,235.343,211.6304,136.0731,141.7984,131.4689,11.0885
2019-05-01,236.497,209.2407,135.5388,140.5721,131.817,11.0492
2019-05-02,240.9643,207.9772,134.9304,139.8569,133.2218,11.1096
2019-05-03,242.4329,208.107,134.9363,139.3683,134.2663,10.9497
2019-05-06,244.4047,204.0272,133.8118,137.8586,135.9208,10.8021
2019-05-07,242.2975,203.4378,133.6947,137.9629,134.9547,10.7213
2019-05-08,240.2441,204.7917,133.9745,137.7545,134.0631,10.7006
2019-05-09,242.8234,201.9297,133.0202,137.4,132.2871,10.6019
2019-05-10,244.2028,201.3309,133.0098,138.1337,133.2498,10.7352
2019-05-13,240.0489,203.6332,133.6682,139.3817,132.6571,10.628
2019-05-14,240.8612,202.633,133.9871,139.1375,132.1954,10.6742
2019-05-15,236.7121,201.3629,133.677,137.8211,130.1017,10.5652
2019-05-16,236.2236,200.6294,133.4086,139.2734,131.4435,10.6252
2019-05-17,236.0721,204.9215,134.5505,139.8762,130.7866,10.4913
2019-05-20,237.2195,207.1521,135.2777,139.6989,131.9774,10.6669
2019-05-21,240.557,206.8276,135.3323,140.4504,131.971,10.7288
2019-05-22,238.662,204.5882,134.7533,140.5892,129.1586,10.4652
2019-05-23,233.7699,206.9592,135.2142,138.2435,125.2345,10.2568
2019-05-24,229.2905,208.8078,135.7697,141.6328,122.8886,10.2398
2019-05-27,231.4254,208.6107,135.6871,140.3382,125.4599,10.1399
2019-05-28,230.8092,209.7409,135.9635,139.9002,125.8746,10.2108
2019-05-29,230.76,209.8782,136.1145,140.7578,125.1613,10.2355
2019-05-30,234.7745,209.8231,136.1345,142.2857,127.9767,10.366
2019-05-31,232.0372,208.86,136.2102,141.6463,126.3649,10.3862
2019-06-03,231.6018,208.5651,135.9813,138.8906,126.4453,10.2731
2019-06-04,235.8154,208.2964,135.8598,139.9498,129.0021,10.3703
2019-06-05,234.561,206.6289,135.4723,138.8602,126.4067,10.3924
2019-06-06,237.6277,204.9795,134.9709,138.7533,127.4707,10.5653
2019-06-07,239.3984,207.8734,135.6983,138.1722,128.2616,10.357
2019-06-10,233.3446,209.3103,135.949,137.0382,123.8796,10.2181
2019-06-11,233.2945,209.0827,135.7962,137.8128,123.4085,10.268
2019-06-12,234.2059,209.8759,136.1479,139.0729,124.0705,10.355
2019-06-13,235.4854,209.2535,136.5477,137.6238,125.5855,10.2541
2019-06-14,233.996,210.4109,136.8263,137.623,123.9843,10.3105
2019-06-17,233.762,212.8344,137.5431,137.655,124.3608,10.349
2019-06-18,231.7875,211.0236,137.3695,136.517,123.4059,10.2442
2019-06-19,234.5751,210.9428,137.6474,141.7209,125.9814,10.4169
2019-06-20,232.9656,211.597,137.7301,141.573,127.8059,10.1344
2019-06-21,234.3939,213.0223,138.1153,142.0744,128.5205,10.0862
2019-06-24,236.5521,211.2,137.6878,141.8591,124.9249,10.0943
2019-06-25,239.6141,208.489,137.0082,141.4838,125.7701,10.0824
2019-06-26,241.0579,205.9426,136.4984,141.7607,126.3036,10.0283
2019-06-27,238.8772,206.9403,136.8078,141.8879,125.4517,10.0353
2019-06-28,237.0407,207.9442,137.0429,141.0446,123.3743,9.7619
2019-07-01,237.0331,208.7378,137.5797,145.4634,122.441,9.6962
2019-07-02,238.0247,207.3195,136.9872,143.0023,122.894,9.6912
2019-07-03,238.776,208.7635,137.3022,143.5612,123.4049,9.5812
2019-07-04,239.1177,206.733,136.5266,143.1671,124.2267,9.6803
2019-07-05,241.9416,206.0763,136.4152,144.7284,124.9827,9.6632
2019-07-08,237.6078,208.5374,136.9155,145.5549,123.7161,9.6092
2019-07-09,236.5791,208.8775,136.954,144.9681,123.5484,9.5331
2019-07-10,237.0569,208.7472,137.0348,145.0464,123.2891,9.5425
2019-07-11,242.0252,208.1876,136.6382,144.4723,125.4867,9.5424
2019-07-12,243.6157,208.6052,136.7666,144.8508,126.5746,9.6966
2019-07-15,242.1232,209.0001,136.8295,144.9966,125.3874,9.66
2019-07-16,245.1473,209.8442,137.228,147.4609,124.489,9.7385
2019-07-17,243.2464,210.2123,137.4431,149.0393,124.8113,9.8341
2019-07-18,246.24,209.6158,137.2658,148.3574,125.6594,9.877
2019-07-19,247.5693,209.2584,137.1384,146.4991,128.4602,10.0646
2019-07-22,248.4971,208.7129,137.008,148.014,129.6312,10.0607
2019-07-23,247.6777,209.7732,137.1258,146.7992,130.0103,9.9293
2019-07-24,249.2418,207.7492,136.7741,147.2258,130.0605,10.0573
2019-07-25,250.9725,205.9711,136.2878,148.0963,131.5666,10.2771
2019-07-26,251.9083,205.6589,136.2728,148.8731,132.2203,10.256
2019-07-29,247.6591,206.6333,136.5129,149.2101,130.3063,10.2301
2019-07-30,249.4044,205.6723,136.405,149.2773,130.638,10.2521
2019-07-31,247.3294,203.1959,135.4996,147.9916,129.2719,10.3211
2019-08-01,249.0919,201.5437,134.9283,148.6598,131.4047,10.3808
2019-08-02,247.4621,201.9209,134.8991,148.6611,130.2738,10.5631
2019-08-05,246.9268,201.3045,134.7905,147.2837,131.4353,10.5044
2019-08-06,247.2596,201.7333,135.0463,147.6728,132.6253,10.5994
2019-08-07,249.3371,202.5586,134.9943,146.9757,133.4676,10.5185
2019-08-08,249.8882,202.1782,134.8506,145.4244,135.6485,10.6146
2019-08-09,250.1951,200.9606,134.6936,145.9387,135.4119,10.5252
2019-08-12,253.6284,199.6513,134.4218,146.1955,137.8184,10.645
2019-08-13,255.7149,199.1238,134.4856,144.0611,137.0316,10.5819
2019-08-14,256.5999,198.8044,134.1492,142.0387,137.0679,10.5737
2019-08-15,255.4195,199.1744,134.1808,142.2691,135.227,10.5994
2019-08-16,255.6051,198.0079,133.9572,144.7525,135.2358,10.6564
2019-08-19,253.5427,186.3391,131.5761,143.0938,131.2408,10.8973
2019-08-20,251.4297,184.5524,131.2631,142.4436,131.7482,10.9168
2019-08-21,250.2783,182.5657,130.7149,142.3182,130.0589,11.0203
2019-08-22,254.1146,182.3954,130.2579,141.6856,130.8955,11.0323
2019-08-23,252.8298,183.0071,130.2099,142.0801,128.3355,11.1296
2019-08-26,248.1752,183.761,130.2151,141.3282,126.5322,11.078
2019-08-27,249.6577,181.9222,129.6569,140.8906,126.5234,11.042
2019-08-28,249.688,181.4401,129.6851,139.4481,126.5914,11.0664
2019-08-29,247.7294,182.9607,130.0874,138.3816,126.4353,10.9583
2019-08-30,250.4038,182.7198,130.0265,137.5968,127.7953,10.9328
2019-09-02,249.1531,182.6185,129.8329,137.1789,128.111,10.8808
2019-09-03,255.3607,182.0029,129.5818,137.097,130.9351,11.1998
2019-09-04,261.4967,178.1484,128.675,134.1817,133.2088,11.2464
2019-09-05,263.2416,177.2356,128.4787,134.6351,134.6835,11.2182
2019-09-06,264.042,175.3313,128.0025,134.9508,132.5159,11.2343
2019-09-09,262.2539,175.6568,127.9917,135.5362,132.6365,11.1884
2019-09-10,263.3455,174.7236,127.5068,136.1198,131.8867,11.3055
2019-09-11,261.6649,173.6791,127.3917,136.5743,131.2067,11.3782
2019-09-12,259.9122,173.7813,127.3929,135.4694,130.922,11.4715
2019-09-13,259.7048,172.6338,127.1314,134.1286,130.5656,11.4498
2019-09-16,253.3078,173.5418,127.0619,133.5577,128.3543,11.4451
2019-09-17,252.6914,172.124,126.4885,133.9157,128.4214,11.5561
2019-09-18,251.7928,172.2045,126.4024,133.8849,128.8072,11.5823
2019-09-19,251.8158,171.498,125.9389,133.7584,127.8983,11.4927
2019-09-20,252.6565,171.0084,125.8463,133.0947,128.1193,11.5129
2019-09-23,251.3841,169.889,125.5574,134.0765,127.5356,11.3936
2019-09-24,251.4683,169.1558,125.4639,135.4845,128.3589,11.2971
2019-09-25,252.6199,169.8695,125.6351,136.5471,128.1113,11.4719
2019-09-26,251.4058,169.7634,125.6459,136.5929,127.9093,11.3374
2019-09-27,253.826,171.2109,125.9881,137.902,129.7586,11.3712
2019-09-30,243.3577,172.5309,126.3049,138.8724,125.3508,11.2552
2019-10-01,240.4993,170.7894,126.0265,138.8249,124.1437,11.2226
2019-10-02,245.656,168.7655,125.7636,140.4947,126.4097,11.691
2019-10-03,248.1313,167.8875,125.4622,140.7352,127.8037,11.6989
2019-10-04,245.9413,166.015,125.0968,139.9086,126.1796,11.612
2019-10-07,246.1764,167.0834,125.4748,139.7934,125.5823,11.4411
2019-10-08,250.1222,164.7086,124.885,138.5507,128.1008,11.4127
2019-10-09,252.6127,165.5325,125.1056,139.688,129.7589,11.416
2019-10-10,253.1975,166.5498,125.3009,140.2979,131.0359,11.4499
2019-10-11,253.6058,166.9833,125.4095,138.5991,134.8692,11.3771
2019-10-14,257.3457,165.2403,124.8349,138.0014,136.9101,11.5408
2019-10-15,257.8067,164.4427,124.6079,138.778,136.2432,11.6595
2019-10-16,255.4116,162.9635,124.4266,138.1669,134.4727,11.6577
2019-10-17,253.0534,164.4885,124.7552,137.361,131.475,11.6192
2019-10-18,253.8864,164.3144,124.8423,139.6418,131.7969,11.7098
2019-10-21,256.6021,163.0216,124.5511,141.4843,131.9787,11.8294
2019-10-22,257.4088,163.2259,124.6777,142.173,133.078,11.8259
2019-10-23,258.545,162.9524,124.7115,142.7571,133.5103,11.8427
2019-10-24,256.6175,163.1914,124.9076,143.4805,132.1018,11.5426
2019-10-25,256.6294,166.5234,125.7114,143.7549,132.3426,11.5504
2019-10-28,258.6164,166.5494,125.4889,144.6912,132.6089,11.685
2019-10-29,261.9576,166.8137,125.4896,145.4838,132.8666,11.8166
2019-10-30,262.0753,167.4659,125.6245,146.4331,132.9551,11.9058
2019-10-31,261.539,168.34,125.9313,146.8192,132.875,11.887
2019-11-01,264.1001,166.7427,126.0755,147.3373,134.0669,11.8125
2019-11-04,270.2872,164.3154,125.3969,147.1135,137.6998,11.9161
2019-11-05,269.9596,164.4051,125.4909,147.4494,137.7092,12.1501
2019-11-06,270.4042,164.8409,125.6305,148.2841,138.1644,12.2638
2019-11-07,266.6981,166.8907,126.2716,146.3401,136.927,12.1424
2019-11-08,268.8966,165.1276,125.8811,146.4396,139.4266,12.4034
2019-11-11,271.8896,166.6978,126.3877,147.9566,141.2821,12.2529
2019-11-12,275.4982,166.7763,126.2195,149.3091,142.8441,12.3623
2019-11-13,276.0572,167.5041,126.177,151.0001,143.6441,12.5334
2019-11-14,274.3849,166.8262,126.1496,149.5301,143.1477,12.6657
2019-11-15,276.3736,166.5898,125.3717,147.1575,144.5543,12.9277
2019-11-18,276.5374,168.1928,125.6986,148.4418,145.0027,12.9543
2019-11-19,276.5561,168.3643,125.9361,146.6565,145.7422,12.8222
2019-11-20,275.2189,168.7333,126.1026,146.9353,144.9782,12.6832
2019-11-21,278.4706,166.9936,125.5865,146.847,147.9865,12.6448
2019-11-22,280.7731,165.9173,125.3302,146.8626,148.2616,12.6455
2019-11-25,283.3765,165.8686,125.3364,148.1164,150.6616,12.6206
2019-11-26,284.3172,165.3064,124.9781,148.0104,152.3182,12.6316
2019-11-27,284.9622,164.7452,124.7844,148.4892,152.7725,12.5545
2019-11-28,286.5604,163.3808,124.4508,146.8462,152.1216,12.6022
2019-11-29,280.1382,163.6865,124.7052,148.0203,150.8442,12.3439
2019-12-02,279.9262,164.4251,124.8035,148.7078,150.4346,12.1475
2019-12-03,269.2233,167.2751,125.349,147.6268,143.8565,11.8299
2019-12-04,273.2644,166.5639,125.3404,145.7226,144.0825,11.9681
2019-12-05,272.4921,164.8427,125.0848,145.6631,142.2324,12.0065
2019-12-06,274.7784,164.6781,125.0562,147.4009,145.0814,12.0512
2019-12-09,273.118,165.1806,125.1045,147.4288,144.3882,12.1164
2019-12-10,271.6114,165.9128,125.3399,149.259,142.5494,12.0791
2019-12-11,274.0483,169.1437,126.2074,151.2694,145.0703,12.0724
2019-12-12,274.272,165.3759,125.2371,148.8668,143.5798,11.9318
2019-12-13,273.7327,165.1189,125.187,147.5558,143.0374,11.93
2019-12-16,277.442,170.1825,126.7078,148.849,146.4948,11.7836
2019-12-17,278.9762,170.3319,126.7976,149.2729,148.7215,11.7875
2019-12-18,281.1867,169.4688,126.5393,148.8614,149.2616,11.8855
2019-12-19,280.4248,170.696,126.8629,149.1242,148.6831,11.8219
2019-12-20,281.5222,172.1562,127.1808,150.5079,149.5536,11.9152
2019-12-23,280.6656,172.3091,126.8865,150.0772,147.7091,11.7952
2019-12-24,280.8424,173.1877,127.2501,151.2283,146.9586,11.8179
2019-12-25,282.4893,173.8776,127.5409,154.4395,148.8418,12.1609
2019-12-26,287.9812,173.6638,127.5044,155.2508,151.2479,12.4302
2019-12-27,287.7807,175.6106,127.925,155.1283,153.1986,12.4139
2019-12-30,288.2173,174.3986,127.4392,154.2643,152.8038,12.3203
2019-12-31,289.2676,174.6439,127.4524,154.5792,153.2464,12.2865
2020-01-01,293.4776,174.7521,127.507,155.4755,152.7734,12.2842
2020-01-02,294.2947,172.6853,126.9502,154.9586,152.22,12.5505
2020-01-03,297.4718,171.125,126.5906,153.7374,156.6797,12.826
2020-01-06,294.6784,170.2299,126.1203,152.1554,156.6252,13.2154
2020-01-07,294.2589,171.0537,126.2953,153.5772,157.2035,13.2203
2020-01-08,285.5814,172.3293,126.6403,153.5244,154.0454,12.9139
2020-01-09,286.1263,172.8709,126.849,153.0375,152.2358,12.8085
2020-01-10,283.6909,173.2529,126.9844,153.8378,152.0908,12.8318
2020-01-13,284.3128,173.8596,127.3178,154.2502,154.3537,12.8778
2020-01-14,285.8634,174.2727,127.4764,155.1343,155.0598,12.9974
2020-01-15,288.8009,174.5762,127.6277,155.9368,157.3471,13.2315
2020-01-16,285.1877,174.379,127.5458,156.1964,155.3958,13.1706
2020-01-17,287.2751,174.5715,127.4617,154.8423,157.5769,13.004
2020-01-20,288.9579,173.3956,127.1713,155.8259,158.3349,13.1598
2020-01-21,289.274,173.4916,127.2391,156.1849,158.8791,13.2711
2020-01-22,288.5452,172.525,126.7895,155.9336,159.3026,13.2991
2020-01-23,289.8411,172.4567,126.7095,156.3323,160.675,13.4015
2020-01-24,293.1785,171.0347,126.3821,157.5876,162.1627,13.3826
2020-01-27,294.7626,171.6821,126.6028,158.6741,161.6548,13.5104
2020-01-28,296.1487,170.6366,126.4556,159.3446,161.1402,13.6765
2020-01-29,292.8471,170.5342,126.3564,157.9852,162.0259,13.255
2020-01-30,292.2137,170.8062,126.4425,160.4218,162.2317,13.3541
2020-01-31,293.3641,170.5849,126.3153,160.1527,163.3009,13.3261
2020-02-03,294.1879,169.6067,126.122,159.6968,164.666,13.3921
2020-02-04,292.0096,170.4213,126.2178,158.6339,162.4609,13.1121
2020-02-05,296.8039,170.4715,126.3033,159.487,165.4749,13.1709
2020-02-06,295.1569,170.6819,126.3633,159.3539,164.5107,13.0334
2020-02-07,299.4392,169.6202,126.0041,160.4776,167.9799,12.7855
2020-02-10,308.0368,166.6263,125.4967,158.926,170.8316,12.9766
2020-02-11,310.095,169.0107,126.0221,159.0586,173.6482,12.9659
2020-02-12,307.6302,169.9556,126.4403,158.8956,169.4575,12.9641
2020-02-13,306.4936,166.7904,125.7833,154.4604,167.5647,12.8356
2020-02-14,313.0501,166.1873,125.6085,155.8396,170.1662,12.9966
2020-02-17,314.9206,164.1259,124.7989,153.8118,171.9738,13.059
2020-02-18,318.3597,164.3755,124.6977,153.9111,173.5798,13.0298
2020-02-19,317.6931,165.1731,124.8498,152.6499,172.861,13.075
2020-02-20,316.6435,165.0503,124.8769,156.6093,172.5918,13.2232
2020-02-21,316.2491,166.7827,125.1694,155.9238,172.3016,13.0572
2020-02-24,316.2282,167.6801,125.4093,156.8452,174.4541,13.1259
2020-02-25,318.1136,165.2921,124.6833,155.1147,174.4888,13.1338
2020-02-26,318.6921,165.5598,124.6757,154.184,174.2725,12.9991
2020-02-27,319.865,165.8172,124.7303,154.705,172.4487,13.0461
2020-02-28,317.0349,167.3432,125.2169,158.0232,170.4613,13.1253
2020-03-02,319.2537,167.9545,125.2769,160.3415,171.953,13.2288
2020-03-03,323.321,167.193,124.9966,161.6819,174.2651,13.3956
2020-03-04,321.0827,166.9449,124.7807,160.4634,173.0614,13.3413
2020-03-05,317.3523,166.7346,124.854,160.9114,171.959,13.5257
2020-03-06,317.3252,165.7357,124.7366,160.7377,172.8745,13.5889
2020-03-09,315.7503,166.963,125.1753,159.3979,173.706,13.4353
2020-03-10,314.7518,167.8629,125.3178,159.9178,174.3501,13.1994
2020-03-11,314.1468,167.2344,125.0602,159.2491,173.5985,13.2942
2020-03-12,317.9307,166.2203,124.7797,158.3245,175.6969,13.2176
2020-03-13,319.8577,166.5043,125.0767,161.2678,175.9917,13.3161
2020-03-16,320.0422,167.6911,125.3396,160.7608,177.3644,13.3965
2020-03-17,319.6324,167.4153,125.1693,160.8941,178.042,13.6826
2020-03-18,320.0558,167.5143,125.2379,160.1129,180.8224,13.7916
2020-03-19,322.5855,167.4808,125.4795,162.6964,182.2312,13.8751
2020-03-20,320.3378,165.5807,124.9179,162.334,181.8068,13.95
2020-03-23,320.1899,168.6548,125.673,162.0594,181.4032,13.9127
2020-03-24,318.2629,168.0688,125.5111,162.0799,180.8363,13.9089
2020-03-25,320.2674,168.794,125.608,161.4074,181.5683,13.7731
2020-03-26,318.762,170.7513,126.1966,162.3672,182.971,13.9334
2020-03-27,320.5723,170.3614,126.1618,161.2399,181.6877,13.8247
2020-03-30,327.7436,169.8751,126.0403,161.0203,186.1094,14.2299
2020-03-31,328.6072,169.8014,125.7972,160.9042,184.9926,14.2203
2020-04-01,329.3345,170.1263,125.8461,161.1614,183.6544,14.1401
2020-04-02,323.5941,171.3405,126.1911,161.1596,180.5696,14.007
2020-04-03,317.1023,169.878,125.8795,159.2173,176.5802,13.9859
2020-04-06,318.5027,168.8916,125.8484,160.9244,176.338,14.06
2020-04-07,318.7501,167.9658,125.5651,161.6526,174.7829,14.1624
2020-04-08,314.6974,168.111,125.6176,160.8511,172.2292,14.0579
2020-04-09,314.0857,168.1945,125.5586,161.273,168.8867,13.9968
2020-04-10,315.1364,166.2948,125.1085,158.856,169.3844,13.8052
2020-04-13,314.0622,165.7947,124.9437,159.1836,168.8198,13.9523
2020-04-14,310.62,166.8186,125.0802,158.4005,168.9458,13.9612
2020-04-15,313.1341,167.3107,125.2918,163.4309,170.8629,13.9531
2020-04-16,311.2724,168.6139,125.6583,163.2414,169.4978,14.0536
2020-04-17,312.4499,168.7599,125.81,164.7036,169.7285,14.2723
2020-04-20,313.8669,171.8157,126.6879,165.0465,171.9098,14.2918
2020-04-21,317.6162,170.1402,126.3372,164.5737,172.5095,14.2651
2020-04-22,321.5174,169.837,126.5121,165.0066,176.9584,14.4584
2020-04-23,326.5677,167.7333,125.9677,165.6891,178.9286,14.6964
2020-04-24,330.7646,165.435,125.4434,165.0236,181.4676,14.7937
2020-04-27,330.6062,165.0771,125.2676,163.1424,182.0991,14.8349
2020-04-28,338.3444,163.3192,124.8016,162.6455,184.9938,14.9246
2020-04-29,334.618,164.6678,125.1713,162.0889,184.4725,14.7334
2020-04-30,330.3671,165.0286,125.2345,163.1429,180.4385,14.7484
2020-05-01,338.3767,165.1831,125.2617,164.0164,185.3073,15.0415
2020-05-04,342.8957,164.5528,125.1405,165.4244,186.8566,15.1734
2020-05-05,340.4048,164.539,125.0308,167.8128,186.7729,15.2872
2020-05-06,341.6292,164.6652,125.1065,168.829,183.3144,15.1673
2020-05-07,342.2654,165.5902,125.3813,170.2475,186.1833,15.246
2020-05-08,344.7203,164.6713,125.233,169.5618,185.6373,15.519
2020-05-11,347.3346,164.1929,125.0677,169.3107,187.2824,15.5551
2020-05-12,356.9321,162.9681,124.8643,168.6777,190.1989,15.6521
2020-05-13,356.6165,160.8422,124.3176,170.7214,190.9163,15.8007
2020-05-14,359.3523,160.7507,124.5763,168.5859,191.4146,15.8663
2020-05-15,361.7293,159.4287,124.2291,170.3573,195.1243,15.8131
2020-05-18,363.3746,161.1274,124.6234,172.1772,196.3231,15.8999
2020-05-19,367.0892,160.6718,124.3717,173.0445,196.0955,16.0302
2020-05-20,365.2824,160.2512,124.3036,172.9258,195.8885,16.0604
2020-05-21,370.8707,159.9267,124.1054,173.7331,200.4625,16.2506
2020-05-22,357.9815,162.0718,124.6684,173.3706,195.172,15.9966
2020-05-25,356.9664,161.314,124.4753,175.4973,193.5111,16.1338
2020-05-26,362.6732,160.8111,124.6846,172.7205,195.7922,16.2619
2020-05-27,363.9807,160.0087,124.2789,170.7807,196.093,16.7821
2020-05-28,364.836,160.189,124.3339,171.2859,197.9273,16.8249
2020-05-29,362.075,160.1196,124.3178,169.5182,197.6206,17.3452
2020-06-01,357.2014,160.1422,124.5282,168.9534,194.7119,17.0734
2020-06-02,360.4423,160.9064,124.7204,170.0754,197.2698,17.132
2020-06-03,359.3626,161.1574,124.5053,169.7235,194.0748,16.7893
2020-06-04,358.0026,160.9812,124.6009,170.4746,193.0314,16.856
2020-06-05,355.7894,161.4846,124.5987,169.279,191.638,16.7575
2020-06-08,351.4081,159.0601,124.0615,168.6027,190.2531,16.6581
2020-06-09,347.2633,159.4512,124.0695,169.4701,189.194,16.6539
2020-06-10,342.4497,160.0736,124.1902,169.1165,186.1985,16.483
2020-06-11,340.2461,159.5767,124.0608,169.4583,181.4064,16.548
2020-06-12,342.0826,159.0596,123.6571,168.2175,177.2846,16.5633
2020-06-15,345.2468,159.1644,123.6656,167.1859,177.905,16.7013
2020-06-16,348.0664,159.8068,123.8342,168.3542,179.2943,15.4067
2020-06-17,347.8496,160.3322,123.9985,166.5958,178.7736,15.3387
2020-06-18,337.571,160.9019,124.4724,167.2068,171.3351,15.2502
2020-06-19,335.0092,160.0023,124.0859,168.0619,168.0977,15.3559
2020-06-22,331.9114,160.5596,124.2841,167.636,168.7821,15.2932
2020-06-23,328.7382,161.2845,124.7028,169.9556,168.2004,15.3608
2020-06-24,327.6878,159.2204,124.139,168.0482,166.1088,15.456
2020-06-25,325.8424,159.6557,124.2355,168.9158,166.6264,15.2219
2020-06-26,325.998,158.9135,123.8999,171.0923,166.3413,15.3164
2020-06-29,325.4306,159.9211,124.3398,171.629,165.6143,15.149
2020-06-30,327.0405,160.6112,124.5238,174.4845,167.631,15.2126
2020-07-01,326.1713,157.5028,123.9237,173.8999,167.9306,15.2726
2020-07-02,331.0256,154.3735,123.042,172.2948,168.1661,15.4306
2020-07-03,329.0811,154.4196,123.1954,175.4697,168.9593,15.5276
2020-07-06,326.7456,153.91,123.0158,175.0608,167.8859,15.493
2020-07-07,328.5607,153.3346,122.8339,173.2649,168.8372,15.2855
2020-07-08,335.0235,154.8031,123.2514,174.0912,172.8206,15.8593
2020-07-09,334.4498,154.7932,122.841,174.4181,174.0927,15.9391
2020-07-10,337.9854,153.9512,122.5991,174.3009,174.7383,15.8801
2020-07-13,341.8782,153.6747,122.5001,174.3259,177.6872,16.1133
2020-07-14,345.8585,153.6018,122.3309,174.7226,180.5064,16.3363
2020-07-15,347.8407,154.6052,122.9245,176.6529,182.3703,16.6054
2020-07-16,348.4524,154.7124,122.5185,176.8576,183.1334,16.594
2020-07-17,347.3276,154.2247,122.3389,177.726,183.5567,16.5166
2020-07-20,350.4538,154.6112,122.4552,177.4057,186.1022,16.5153
2020-07-21,355.1083,154.1764,122.3803,178.5468,187.8017,16.6167
2020-07-22,348.8201,154.2481,122.4366,180.6277,184.5478,16.381
2020-07-23,342.6237,155.5843,122.7571,180.3789,182.1361,16.2436
2020-07-24,340.8845,156.1812,122.9348,181.4918,182.0001,16.0883
2020-07-27,343.2725,155.1572,122.7434,180.5303,181.2965,16.1141
2020-07-28,345.0318,155.7151,122.9593,179.5059,181.8581,15.9661
2020-07-29,348.8928,154.398,122.6109,178.4148,182.8899,15.9464
2020-07-30,353.1704,154.5947,122.6502,178.5054,183.4276,16.0967
2020-07-31,355.13,154.0203,122.5978,178.8251,184.9202,16.0358
2020-08-03,358.8435,152.1795,122.0873,177.2114,186.578,16.002
2020-08-04,370.409,149.4601,121.1714,176.0349,186.4328,16.4061
2020-08-05,372.0272,149.4425,121.1787,175.4149,187.7802,16.337
2020-08-06,367.5044,150.0579,121.1507,175.5717,185.9189,16.0641
2020-08-07,367.8722,149.7414,120.9774,174.1227,184.4796,15.9963
2020-08-10,370.638,150.1231,121.2357,174.4616,187.963,16.1435
2020-08-11,364.8594,151.631,121.4711,173.2701,185.046,16.1055
2020-08-12,364.591,151.2075,121.3763,171.7627,186.4186,16.1573
2020-08-13,360.3267,151.3262,121.4465,172.0825,184.5572,16.2284
2020-08-14,360.5347,152.1027,121.7071,173.5543,186.585,16.28
2020-08-17,360.1199,152.2656,121.7314,172.3807,187.5876,16.3256
2020-08-18,361.7326,153.2034,122.0297,174.617,188.3206,16.7341
2020-08-19,359.5976,154.8349,122.6021,174.5184,188.3141,16.6274
2020-08-20,362.4232,154.1667,122.0483,172.7704,188.9518,16.6223
2020-08-21,359.8994,154.7467,122.3098,175.188,187.1847,16.6014
2020-08-24,360.5818,155.2094,122.0085,173.8507,189.8565,16.5434
2020-08-25,363.642,156.311,122.4362,174.2423,189.944,16.7722
2020-08-26,368.3631,155.7972,122.2153,172.7787,192.8859,16.7907
2020-08-27,365.412,154.8322,121.9635,171.9006,191.0681,16.8736
2020-08-28,365.6346,153.6487,121.6873,167.9799,190.3281,16.9031
2020-08-31,363.7869,152.7283,121.3992,166.3268,188.0847,16.7988
2020-09-01,360.7603,154.4287,121.919,172.5245,186.7637,16.9292
2020-09-02,362.4996,154.0497,121.6576,172.0062,187.4695,16.4843
2020-09-03,363.784,152.4357,121.3019,173.6759,188.3773,16.6086
2020-09-04,359.4513,151.2721,121.0914,173.7094,183.4393,16.4343
2020-09-07,357.4156,150.4161,120.776,173.1469,184.6006,16.4133
2020-09-08,359.5954,150.5303,120.915,174.2412,192.3302,16.3745
2020-09-09,359.0248,149.6686,120.8841,176.6353,187.7712,16.5434
2020-09-10,362.455,150.1161,121.2708,175.9625,191.7164,16.4262
2020-09-11,361.7975,151.2851,121.6791,177.0553,191.2945,16.3728
2020-09-14,361.0356,151.7079,121.7502,177.2339,190.8537,16.4134
2020-09-15,369.3813,151.3381,121.6262,175.2268,194.5695,16.6106
2020-09-16,368.9172,151.6595,121.457,175.9697,194.7772,16.6377
2020-09-17,370.7995,149.7616,121.007,176.1133,193.1721,16.6898
2020-09-18,375.1999,149.2088,120.6401,177.9777,196.7355,16.7105
2020-09-21,371.2429,150.3864,120.7999,178.6435,194.1816,16.6033
2020-09-22,377.2173,149.9128,120.7236,178.0333,196.5996,16.7702
2020-09-23,383.7233,148.0564,120.1732,180.3297,199.9344,16.7196
2020-09-24,385.7496,148.5514,120.248,180.0145,201.5506,16.8066
2020-09-25,383.4336,149.5865,120.4865,175.3799,201.211,16.6014
2020-09-28,383.8503,149.684,120.5895,175.4719,199.4072,16.6439
2020-09-29,382.1827,149.9391,120.8747,174.2567,197.7348,16.4419
2020-09-30,384.6703,149.8273,120.756,173.1225,199.0538,16.1915
2020-10-01,385.8156,149.1685,120.6142,173.2164,199.2168,16.2964
2020-10-02,387.7004,148.6385,120.472,173.6281,204.469,16.5063
2020-10-05,390.667,148.2616,120.4042,174.119,201.2143,16.6059
2020-10-06,391.965,150.5,121.0232,174.3189,201.5574,16.3881
2020-10-07,389.5696,150.8278,120.9213,174.9981,200.7978,16.3605
2020-10-08,390.1113,149.1918,120.4674,172.8398,198.4511,16.35
2020-10-09,392.5208,149.9424,120.5572,172.6509,199.5442,16.3086
2020-10-12,393.6559,149.9945,120.6447,173.4994,199.6357,16.3536
2020-10-13,394.1592,150.0953,120.8611,173.1413,198.5369,16.2677
2020-10-14,397.5523,150.2487,121.0592,175.7148,200.4275,16.43
2020-10-15,396.6295,149.867,120.9863,177.0262,200.411,16.4925
2020-10-16,393.2294,150.6305,121.347,176.2627,199.6316,16.4737
2020-10-19,394.509,151.0294,121.2875,175.4708,197.6994,16.4063
2020-10-20,398.4849,151.1947,121.4071,174.2823,199.582,16.4277
2020-10-21,406.0381,151.1895,121.8033,176.9854,205.1654,16.6514
2020-10-22,407.3011,150.2572,122.0719,176.9125,205.0355,16.6031
2020-10-23,407.4908,148.1975,121.4112,178.9289,205.39,16.7797
2020-10-26,411.3818,144.5625,120.6302,178.2117,206.6199,17.0603
2020-10-27,408.3206,145.67,120.8528,184.8629,205.0246,17.4793
2020-10-28,410.6043,147.5081,121.3705,184.7784,204.4194,17.2723
2020-10-29,412.5511,146.8028,121.1067,185.2089,204.2042,17.4745
2020-10-30,401.2034,148.4339,121.5862,186.294,198.6876,17.2357
2020-11-02,397.6503,148.6196,121.6729,187.0076,196.7805,17.2141
2020-11-03,394.1444,148.8803,121.1322,186.5353,196.5291,17.1648
2020-11-04,400.0327,149.4439,121.2521,186.8459,200.4265,17.3837
2020-11-05,402.8053,149.9278,121.5977,185.8258,201.4173,17.2789
2020-11-06,400.9475,151.3467,121.9338,186.2344,200.6494,17.0668
2020-11-09,399.1084,151.3692,121.7679,185.6656,199.7497,16.9706
2020-11-10,394.9558,152.1945,122.0025,187.9338,197.632,17.0166
2020-11-11,391.6719,151.4482,121.68,186.5112,195.8258,17.1038
2020-11-12,388.1349,150.6531,121.1632,187.6467,192.4941,17.1023
2020-11-13,387.176,151.0352,121.2495,188.547,190.3544,17.2136
2020-11-16,385.8578,150.1915,120.9677,187.1029,189.5569,17.2619
2020-11-17,382.5298,153.7688,121.8442,189.0733,192.8868,17.1867
2020-11-18,379.1051,153.2215,121.6371,185.2708,188.0544,17.0413
2020-11-19,381.2991,152.0913,121.3105,184.0713,191.7435,16.9447
2020-11-20,384.4225,150.7559,121.0361,186.599,193.7634,17.1081
2020-11-23,385.7433,150.8563,121.0274,187.1684,193.6438,17.2545
2020-11-24,384.3425,151.3781,121.2686,186.8561,191.5638,17.2038
2020-11-25,382.6401,153.0034,121.7759,189.2782,188.6317,17.2663
2020-11-26,381.5601,153.3682,122.07,192.1585,188.6969,17.3844
2020-11-27,378.8266,154.3693,122.409,192.8528,189.5013,17.3116
2020-11-30,384.1153,154.0631,122.4131,191.6367,190.4237,17.2377
2020-12-01,387.1987,153.9636,122.3695,192.2909,191.5373,17.2209
2020-12-02,389.8725,153.4517,122.2495,192.9876,194.6489,17.166
2020-12-03,389.6,152.2187,121.932,193.4795,194.4688,17.3867
2020-12-04,384.2972,151.9684,121.7989,193.9499,190.2811,17.4384
2020-12-07,380.7751,150.3654,121.2072,193.8166,182.0754,17.247
2020-12-08,380.0069,151.4149,121.5886,196.0292,180.7861,17.6303
2020-12-09,382.4593,148.6159,120.9277,196.9006,182.2001,17.634
2020-12-10,385.6843,145.5254,120.2164,195.4533,180.7198,17.6097
2020-12-11,379.9917,146.4486,120.6769,195.8456,179.4162,17.6314
2020-12-14,380.2775,145.3947,120.3214,190.9833,182.1416,17.446
2020-12-15,382.8021,144.6483,119.9504,190.7942,184.576,17.4908
2020-12-16,379.2627,145.1128,120.0165,190.5043,182.613,17.7073
2020-12-17,369.1681,146.5958,120.3794,185.0151,177.8709,17.2577
2020-12-18,369.88,144.9879,119.909,184.489,178.2085,17.4438
2020-12-21,372.6625,141.9826,119.0816,183.6277,179.1021,17.6022
2020-12-22,371.1248,142.0543,118.8345,183.5602,176.2921,17.7087
2020-12-23,369.9402,142.3393,119.0076,183.164,176.2862,17.9457
2020-12-24,370.7752,142.1141,118.88,181.0402,175.1411,18.0491
2020-12-25,372.2518,141.5102,118.8891,178.9992,174.2973,17.9089
2020-12-28,364.4668,143.3305,119.1382,179.7076,171.4667,17.6655
2020-12-29,365.9448,141.9948,118.8971,179.1119,167.0157,17.7704
2020-12-30,372.1912,140.5937,118.4293,179.0628,168.9505,17.949
2020-12-31,371.2471,140.7946,118.3433,179.7958,168.5643,18.0471
2021-01-01,372.5853,140.891,118.3521,179.9229,168.9015,18.1235
2021-01-04,375.9446,140.063,118.1998,180.0265,167.3894,18.1316
2021-01-05,384.3443,138.2571,117.6932,180.2476,169.8254,18.4265
2021-01-06,388.0951,137.5044,117.9058,178.3067,169.5618,18.2946
2021-01-07,383.1454,137.5601,117.7568,177.5481,166.3413,18.3034
2021-01-08,388.0202,137.7386,117.7963,176.2419,168.6637,18.4328
2021-01-11,385.0403,138.189,117.9815,177.5455,167.4519,18.5513
2021-01-12,383.9953,138.6932,118.2188,176.2144,167.9434,18.4403
2021-01-13,384.1081,137.7117,117.967,176.6798,166.8342,18.4376
2021-01-14,386.9426,137.6201,117.9054,176.3942,166.9169,18.3984
2021-01-15,390.6573,137.1645,117.8659,176.7136,169.2484,18.4413
2021-01-18,389.9141,137.2194,117.9577,177.521,168.1878,18.4058
2021-01-19,389.5944,136.9084,117.9156,179.4153,168.9072,18.6136
2021-01-20,394.8567,134.6636,116.9311,178.1967,170.265,18.7313
2021-01-21,397.6226,135.3899,117.22,178.6578,170.6305,18.6687
2021-01-22,400.8862,135.4412,117.2816,178.3872,171.645,18.7822
2021-01-25,405.2445,135.7653,117.2782,177.0727,174.05,19.1322
2021-01-26,404.5007,135.661,117.0497,177.1332,172.7786,19.0275
2021-01-27,401.3566,137.8946,117.8035,179.4872,169.9763,19.0965
2021-01-28,399.6644,137.0247,117.5483,180.5595,170.2364,19.2802
2021-01-29,397.2178,136.841,117.4286,181.3695,169.6932,19.2715
2021-02-01,395.7698,136.8802,117.548,182.4156,169.9287,19.2001
2021-02-02,395.5488,136.6132,117.4862,184.3155,167.4679,19.026
2021-02-03,398.4944,135.9646,117.3732,187.933,167.4395,19.1998
2021-02-04,398.955,135.559,117.232,186.0258,167.2305,18.8419
2021-02-05,398.5292,138.8298,118.0717,187.6909,168.7726,18.7608
2021-02-08,398.0949,138.5535,118.0333,189.0373,169.2751,19.4676
2021-02-09,403.0196,137.6181,117.6962,190.3425,169.9542,19.6639
2021-02-10,402.999,138.68,118.1529,190.0144,170.1932,19.5026
2021-02-11,404.9151,138.7699,118.2235,192.9656,170.8654,19.8886
2021-02-12,405.8168,137.6079,117.9607,194.7219,171.6721,20.16
2021-02-15,411.4019,136.4344,117.5877,194.7469,174.0372,20.3344
2021-02-16,411.4583,137.1417,117.6455,194.3263,175.6752,20.3216
2021-02-17,412.3713,136.1045,117.1138,194.774,175.2803,20.9002
2021-02-18,412.2647,137.1593,117.4959,195.3714,173.0098,20.7425
2021-02-19,411.7011,135.7114,116.8772,193.1864,172.0286,20.6203
2021-02-22,414.7493,134.8502,116.6888,190.8993,171.4493,20.3324
2021-02-23,417.0982,135.8479,117.0959,190.7099,173.0611,20.3618
2021-02-24,419.3476,134.7128,116.9216,189.0048,173.4044,20.189
2021-02-25,417.1575,135.0353,116.9184,188.5472,172.6186,20.1608
2021-02-26,413.824,135.7284,117.2008,190.1088,170.3252,20.1466
2021-03-01,414.9686,134.8172,116.8603,190.3635,169.9399,20.362
2021-03-02,412.3858,134.5214,116.8506,190.3954,170.5175,20.541
2021-03-03,412.8292,135.1434,117.0482,192.7222,170.9844,20.6233
2021-03-04,412.2869,135.548,117.0783,191.5677,172.9597,20.7063
2021-03-05,408.8354,135.858,117.1682,191.2805,171.4445,20.7064
2021-03-08,405.8698,136.2011,117.1943,189.0618,169.9255,20.557
2021-03-09,409.3523,135.3873,116.9168,189.217,170.9311,20.663
2021-03-10,409.6221,135.3433,116.8356,191.1591,171.4187,20.972
2021-03-11,408.0199,134.7449,116.6779,189.8658,169.0693,21.0056
2021-03-12,410.1738,134.145,116.2791,188.7682,168.9152,21.0509
2021-03-15,408.2212,135.2056,116.7718,189.8172,170.3291,21.0514
2021-03-16,407.3472,134.4596,116.4438,189.7918,169.7369,21.1028
2021-03-17,406.5552,135.3008,116.7156,190.1407,169.4057,21.0473
2021-03-18,406.8143,137.3918,117.2071,187.4622,169.8749,20.6904
2021-03-19,408.4512,142.4415,118.7168,189.1982,172.3864,20.5271
2021-03-22,409.8823,142.5397,118.6697,188.5706,173.1389,20.5962
2021-03-23,409.2448,142.9186,118.7264,189.5526,173.4755,20.5296
2021-03-24,407.9423,143.4756,118.8603,187.8166,173.1933,20.6974
2021-03-25,409.7923,144.7834,119.2697,190.2679,173.9865,20.7452
2021-03-26,407.9,146.9319,119.9895,190.936,173.3411,20.5753
2021-03-29,411.34,147.383,120.1499,192.7027,175.8165,20.6348
2021-03-30,415.3953,147.3623,120.1553,194.6895,174.7731,20.7792
2021-03-31,415.668,148.3362,120.4427,193.4864,174.821,20.6055
2021-04-01,419.342,148.2378,120.3945,188.9624,176.7873,20.512
2021-04-02,415.803,148.0922,120.355,188.1738,174.3053,20.2273
2021-04-05,414.2781,148.4643,120.4769,188.8232,174.7747,20.1314
2021-04-06,416.4971,148.0278,120.308,188.2795,178.1976,20.2253
2021-04-07,418.1985,147.1004,120.0615,189.3785,177.3636,19.8541
2021-04-08,417.9857,148.0366,120.3481,191.0612,177.0848,19.9082
2021-04-09,419.1013,148.1614,120.7968,192.1877,178.3013,19.4683
2021-04-12,419.7389,147.2836,120.4985,191.9116,176.4134,19.5657
2021-04-13,418.6061,147.0634,120.4427,192.4601,175.9175,19.4828
2021-04-14,410.8729,147.1337,120.6045,190.4937,173.0525,19.0614
2021-04-15,405.902,148.362,121.1158,190.8409,170.8362,19.1929
2021-04-16,407.2315,147.433,120.7514,190.6029,170.9079,19.1589
2021-04-19,408.5448,148.2171,121.0607,193.0655,171.5366,19.2596
2021-04-20,410.1978,147.7307,120.9418,191.8535,171.9574,19.2214
2021-04-21,407.3274,147.8715,120.9654,190.9964,171.6512,19.2826
2021-04-22,410.0905,149.6685,121.4071,191.3441,172.5121,19.315
2021-04-23,411.0365,147.6487,121.0476,190.4033,171.7029,19.4859
2021-04-26,409.5948,147.8674,121.0895,190.3126,171.1607,19.639
2021-04-27,412.998,147.6046,120.8344,191.2985,174.59,19.8979
2021-04-28,411.9449,147.3183,120.9201,190.7381,173.031,19.879
2021-04-29,409.4461,147.222,120.9228,189.0833,172.0189,20.4204
2021-04-30,389.8061,150.7229,121.9296,182.6467,165.6088,19.9532
2021-05-03,383.9493,151.5099,122.0989,183.0084,164.038,19.8404
2021-05-04,383.6378,152.201,122.3136,182.8817,162.4016,19.6066
2021-05-05,383.4891,155.2606,123.1233,183.1106,162.5199,19.533
2021-05-06,389.0852,153.9211,122.8045,182.4167,163.8829,19.1622
2021-05-07,388.8573,154.4071,122.9883,181.6272,163.5779,18.7288
2021-05-10,390.7975,155.6115,123.3747,182.7402,164.9373,18.7107
2021-05-11,391.0212,154.697,123.0602,180.977,164.6872,18.602
2021-05-12,390.4277,154.0841,122.8761,179.6167,164.4314,18.4639
2021-05-13,393.7874,155.01,122.9692,180.0852,166.3132,18.6426
2021-05-14,393.8203,153.5297,122.467,176.5401,164.5311,18.6482
2021-05-17,393.6636,153.9477,122.2248,181.569,164.2559,18.801
2021-05-18,386.6195,154.6435,122.5612,181.1895,161.6162,18.5849
2021-05-19,389.1114,153.3651,122.2806,180.9702,162.8033,18.5869
2021-05-20,388.997,153.0669,122.2948,179.4555,162.6438,18.4443
2021-05-21,390.734,152.9851,122.1422,180.3622,164.2501,18.6927
2021-05-24,386.6835,153.4495,122.2538,181.0355,168.2216,18.6765
2021-05-25,387.3405,152.6555,122.049,181.325,166.841,18.8567
2021-05-26,386.0954,153.2653,122.1256,181.0222,165.8313,18.806
2021-05-27,383.3781,153.9111,122.2367,180.9017,162.4525,18.7496
2021-05-28,380.0438,154.2766,122.1245,181.2113,162.6256,18.7702
2021-05-31,380.4167,154.5855,122.21,180.1247,163.6034,18.691
2021-06-01,374.0849,156.8557,123.0736,181.4544,161.2372,18.5465
2021-06-02,375.9221,155.4773,122.8624,183.5104,162.9951,18.341
2021-06-03,379.1453,154.3334,122.4935,183.5823,164.7408,18.4108
2021-06-04,379.5679,155.0109,122.6769,182.9502,165.3667,18.1956
2021-06-07,377.6168,155.1195,122.8391,182.4605,165.762,18.2491
2021-06-08,377.734,155.3701,122.9551,182.8606,164.546,18.2173
2021-06-09,376.6322,157.4836,123.7148,186.3777,163.9542,18.2732
2021-06-10,380.0202,156.2676,123.493,183.8442,161.2971,18.2044
2021-06-11,378.2234,155.3004,123.0245,184.034,160.8604,18.0558
2021-06-14,376.6253,156.0195,123.2426,184.6479,160.5936,17.997
2021-06-15,368.6401,157.0871,123.4965,184.6841,157.8407,17.554
2021-06-16,367.8686,157.9226,123.8133,184.5084,158.5454,17.4251
2021-06-17,369.2625,158.0259,123.8459,185.0078,159.2562,17.5065
2021-06-18,373.6164,156.8294,123.7199,185.7724,159.7885,17.6777
2021-06-21,375.1378,158.6697,124.2486,186.2406,160.626,17.7522
2021-06-22,375.1237,159.3564,124.3031,187.8314,160.36,17.902
2021-06-23,377.6003,159.2604,124.2984,189.0751,159.7579,18.0341
2021-06-24,376.0042,161.0797,124.8875,192.0059,158.6419,18.1425
2021-06-25,377.2809,161.0219,124.8688,192.8702,158.5452,18.4316
2021-06-28,374.9368,162.9671,125.2838,196.4118,156.9273,18.4705
2021-06-29,379.1668,163.0519,125.4254,196.7264,157.6245,18.5127
2021-06-30,384.3949,161.9287,125.1519,196.9518,158.9178,18.3982
2021-07-01,384.8904,160.4557,124.6055,197.0883,159.7001,18.4243
2021-07-02,384.2417,161.1105,124.8427,196.0657,160.3637,18.1371
2021-07-05,385.1665,161.3817,124.8075,194.8306,160.4864,18.2082
2021-07-06,386.9153,161.7625,124.9537,195.5006,160.583,18.3844
2021-07-07,386.2688,161.4681,124.83,194.707,160.0398,18.3436
2021-07-08,385.537,162.8527,125.2747,194.9948,160.7153,18.3937
2021-07-09,386.345,163.821,125.4379,196.2666,161.2799,18.4314
2021-07-12,386.6608,164.5328,125.7812,196.5829,161.9316,18.3203
2021-07-13,387.0031,166.8689,126.5382,198.0674,163.6364,18.324
2021-07-14,389.4544,167.1708,126.686,199.3217,164.9263,18.6042
2021-07-15,391.674,167.1379,126.8292,200.9968,165.1764,18.6601
2021-07-16,391.1096,166.6999,126.6834,202.5688,164.6185,18.7327
2021-07-19,393.2735,166.0994,126.5428,200.2248,164.664,18.4673
2021-07-20,390.1795,166.1634,126.3801,197.1938,163.4535,18.277
2021-07-21,392.5885,172.5952,128.1288,201.9355,166.3513,18.1891
2021-07-22,394.0759,175.2436,128.91,200.9818,167.4,18.2833
2021-07-23,393.647,176.1236,129.2088,200.2901,167.087,18.2366
2021-07-26,393.7124,175.9706,129.1908,198.2959,166.0762,18.1277
2021-07-27,394.2717,176.1909,129.3331,200.4306,167.0646,18.2195
2021-07-28,392.4526,177.252,129.6462,203.0685,167.37,17.9834
2021-07-29,385.2824,177.2617,129.6118,200.9261,164.5507,17.8492
2021-07-30,386.569,177.1787,129.5931,205.9068,164.7855,17.7756
2021-08-02,389.2061,176.3945,129.2611,205.7147,166.857,17.8556
2021-08-03,389.0108,175.6646,129.0341,204.5258,166.127,17.8513
2021-08-04,390.1351,176.2327,129.1699,204.8747,167.3285,17.9651
2021-08-05,390.4484,174.6842,128.6619,202.6623,168.061,17.8561
2021-08-06,388.6242,174.5841,128.5514,202.1693,165.6797,17.9248
2021-08-09,390.3836,174.4937,128.5977,201.2527,165.2798,18.0052
2021-08-10,390.1671,174.564,129.0033,200.4679,163.6585,17.7999
2021-08-11,389.3752,175.7516,129.2745,199.7051,162.5124,17.8283
2021-08-12,385.8672,175.9235,129.3721,199.2275,160.9588,17.7131
2021-08-13,389.9371,176.5871,129.7221,202.6791,159.6828,17.9461
2021-08-16,389.4855,176.7377,129.6989,200.5862,159.4716,17.7658
2021-08-17,390.7229,179.0344,130.3813,201.4714,159.0051,17.7664
2021-08-18,387.9995,178.8096,130.5557,201.5625,157.1633,17.6666
2021-08-19,385.8429,178.7403,130.489,202.0023,156.1162,17.5855
2021-08-20,380.5271,180.1032,130.5349,200.9206,152.4655,17.4733
2021-08-23,378.3107,180.6,130.7795,200.5407,151.216,17.4333
2021-08-24,380.173,178.0265,130.254,201.6166,151.2523,17.5119
2021-08-25,381.4161,177.1768,130.0693,200.9228,152.547,17.4969
2021-08-26,382.4475,179.3548,130.9163,202.6437,152.7887,16.6659
2021-08-27,380.251,179.2061,130.8383,202.223,152.687,16.5908
2021-08-30,380.6339,178.1977,130.4053,201.4456,153.1595,16.5845
2021-08-31,379.9711,178.1051,130.2245,200.6708,153.975,16.5039
2021-09-01,381.4682,177.1522,130.0139,195.5003,152.4899,16.3963
2021-09-02,384.5547,177.6438,130.4859,198.5715,154.7549,16.7445
2021-09-03,386.4387,179.1894,131.1322,199.7028,155.0644,16.9171
2021-09-06,390.2181,178.8933,131.1965,200.0932,163.131,17.1151
2021-09-07,387.9927,181.4386,131.8607,202.9808,162.6578,17.1325
2021-09-08,388.3879,182.386,132.2962,203.9904,162.3087,17.283
2021-09-09,390.6385,181.5219,132.2528,205.8365,162.9821,17.2913
2021-09-10,391.2267,178.8168,131.5801,204.2063,162.7399,17.3824
2021-09-13,393.9681,177.4964,131.269,207.0615,163.2963,17.6149
2021-09-14,393.8505,180.1729,131.8905,208.3609,163.6555,17.5397
2021-09-15,391.2758,178.7848,131.4955,208.1525,162.3617,17.41
2021-09-16,395.6033,178.3831,131.5229,206.9783,163.1696,17.461
2021-09-17,399.2894,177.7286,131.2262,203.8627,163.0354,17.3918
2021-09-20,397.5322,178.1877,131.2764,202.8941,162.9587,17.1839
2021-09-21,399.2892,179.3062,131.3883,203.8348,164.0103,17.0799
2021-09-22,399.0458,180.3159,131.6984,204.3923,163.6573,17.1681
2021-09-23,401.2077,180.1484,131.6486,206.1807,164.2844,17.1892
2021-09-24,399.51,180.6636,131.7021,207.6838,160.8228,17.2877
2021-09-27,404.8671,179.9726,131.4464,206.7947,162.0136,17.4133
2021-09-28,408.5576,179.9153,131.2203,206.1645,163.4932,17.5195
2021-09-29,411.7566,177.945,130.5811,206.8041,165.0044,17.478
2021-09-30,410.7853,177.5822,130.6573,207.814,163.8439,17.4647
2021-10-01,412.1546,176.0087,130.2121,207.2063,163.2076,17.5214
2021-10-04,412.5069,177.071,130.542,208.4778,164.7203,18.1662
2021-10-05,406.7785,174.8055,130.1454,207.0028,162.3252,18.1001
2021-10-06,408.0275,174.6789,130.1457,206.7765,163.1238,18.2599
2021-10-07,410.0953,173.7647,129.8302,205.4958,162.8778,18.4022
2021-10-08,409.868,173.7185,130.0272,206.851,163.4258,18.5523
2021-10-11,413.2471,173.7304,130.3125,208.8034,166.3676,18.1161
2021-10-12,414.0111,174.0549,130.31,205.6374,166.9632,17.8013
2021-10-13,401.6798,176.2231,130.8462,205.797,163.113,17.2236
2021-10-14,397.773,177.0263,131.0479,204.1395,162.2667,17.2733
2021-10-15,394.3563,178.0774,131.3173,205.6273,161.5894,17.2974
2021-10-18,392.2552,179.4522,131.7232,205.5959,161.951,17.4344
2021-10-19,396.0038,178.1666,131.4508,205.1964,162.9057,17.1835
2021-10-20,397.5338,177.524,131.2814,205.0177,163.7293,17.2149
2021-10-21,398.5149,177.9456,131.6407,206.5053,165.0608,17.3435
2021-10-22,396.5198,179.3088,132.031,209.3257,164.7559,17.2509
2021-10-25,399.1521,178.0492,131.5241,209.1445,166.2275,17.3109
2021-10-26,397.4821,182.4887,132.6739,210.0448,167.1108,17.3337
2021-10-27,398.8321,181.514,132.3837,207.9946,167.7469,17.2187
2021-10-28,398.7165,181.3264,132.557,209.0966,167.941,17.3879
2021-10-29,399.7497,180.6971,132.2816,212.6031,169.5111,17.7569
2021-11-01,399.1802,180.598,132.3393,211.0135,169.8924,17.6373
2021-11-02,401.129,179.5184,131.9248,212.6956,169.4785,17.738
2021-11-03,399.0551,180.3969,132.0712,211.7337,168.0517,17.7619
2021-11-04,400.7052,181.1797,132.2238,214.1932,168.3046,18.0131
2021-11-05,402.9086,181.1685,132.1788,215.6035,169.248,18.1729
2021-11-08,400.5466,182.1867,132.4713,214.917,168.7284,18.0457
2021-11-09,405.089,182.9168,132.6388,219.1528,169.4154,18.1308
2021-11-10,405.6744,181.6845,132.5139,218.1014,170.3349,18.1898
2021-11-11,403.2606,180.8684,132.3568,214.2654,169.985,18.1996
2021-11-12,403.3945,180.5126,132.3523,214.2249,170.16,18.224
2021-11-15,410.3628,179.8685,132.2931,213.9839,175.6148,18.1761
2021-11-16,412.9322,179.0739,132.0715,216.126,176.2323,18.1444
2021-11-17,415.0205,178.7809,132.1593,215.1749,176.4431,18.106
2021-11-18,420.0079,178.1144,131.9515,212.7762,177.9192,18.4132
2021-11-19,420.9658,177.876,131.7522,209.1051,177.0527,18.4179
2021-11-22,420.6824,178.9579,132.106,208.8851,178.4719,18.4324
2021-11-23,419.3958,179.5032,132.3183,207.7091,177.1585,18.2524
2021-11-24,422.273,180.1862,132.5224,206.5372,180.523,18.1081
2021-11-25,424.186,180.2897,132.6537,207.123,181.0254,18.4701
2021-11-26,429.3908,177.6293,131.9147,204.8816,181.046,18.4175
2021-11-29,429.4255,180.2364,132.4559,206.1844,180.734,18.5845
2021-11-30,428.376,180.4912,132.1748,205.7738,179.9061,18.5908
2021-12-01,427.1239,179.8684,132.0104,205.4067,178.5049,18.5594
2021-12-02,432.0983,179.7101,132.2778,206.1906,179.8645,18.7757
2021-12-03,432.6885,179.09,132.0615,203.298,179.8839,18.9685
2021-12-06,427.9184,176.7574,131.5991,202.0105,178.0839,18.7889
2021-12-07,429.97,175.9994,131.2877,201.7652,179.2389,18.831
2021-12-08,430.1909,176.4536,131.5851,202.7818,178.9905,18.8033
2021-12-09,423.5867,177.787,132.095,205.0924,176.0822,18.6701
2021-12-10,425.1862,176.3876,131.8834,201.8874,177.8834,18.7364
2021-12-13,419.3149,178.4294,132.5342,199.9223,176.0518,18.6797
2021-12-14,421.6615,177.9028,132.4046,197.4953,177.5455,18.8016
2021-12-15,421.4915,177.5834,132.6314,197.4832,177.5831,18.8606
2021-12-16,423.0456,177.7547,132.6811,196.9061,178.1581,18.8792
2021-12-17,420.6976,178.9523,132.9587,196.4056,177.8753,18.8428
2021-12-20,417.7731,177.4849,132.4632,194.3271,176.4189,18.6587
2021-12-21,415.7194,176.1897,131.9017,192.5019,174.3605,18.6912
2021-12-22,415.7624,175.5451,131.8312,193.1726,174.1165,18.7317
2021-12-23,420.3698,173.0028,131.026,193.0062,176.7948,19.1091
2021-12-24,422.7665,172.0558,130.6908,192.1672,177.468,19.2765
2021-12-27,429.1951,171.4491,130.61,193.9317,179.8585,19.6126
2021-12-28,433.0342,172.3146,131.0963,194.7693,180.855,19.6372
2021-12-29,436.8884,171.8401,130.9731,196.7618,181.9659,19.7403
2021-12-30,432.8573,172.2892,131.1653,194.9571,179.2023,19.6215
2021-12-31,431.5371,170.1171,130.4599,196.5788,176.9657,19.7877
2022-01-03,437.0005,170.7274,130.6297,198.1969,179.9954,19.9151
2022-01-04,434.5565,170.4485,130.6412,198.5505,177.9018,19.9531
2022-01-05,434.4102,170.2523,130.4902,197.8709,178.5193,19.8337
2022-01-06,434.9298,169.4795,130.3261,199.7285,178.7814,19.9563
2022-01-07,432.5965,172.5445,131.0595,200.4957,179.0776,19.7543
2022-01-10,428.5334,173.6118,131.3469,206.1207,177.5276,19.9344
2022-01-11,429.6134,173.8584,131.4884,206.1361,178.0458,19.8491
2022-01-12,430.1643,176.2876,132.3459,207.3195,177.9114,19.6103
2022-01-13,437.3464,175.3214,131.972,204.4751,181.1273,19.6478
2022-01-14,439.368,172.1285,131.1158,203.1437,180.865,19.8309
2022-01-17,436.9234,172.4306,131.05,204.2023,180.579,19.3212
2022-01-18,436.8955,171.6735,131.1251,203.7143,181.146,19.3414
2022-01-19,437.6386,171.2826,131.0682,203.1171,177.7527,18.9241
2022-01-20,439.3506,172.8482,131.3723,204.1737,179.4653,18.8759
2022-01-21,449.0008,173.4158,131.4716,203.6678,184.8088,18.9675
2022-01-24,455.141,172.607,131.0603,203.7317,186.8599,19.2512
2022-01-25,457.6565,172.9918,131.4548,203.2315,187.9538,19.3472
2022-01-26,454.107,174.4661,131.6894,202.3137,175.1528,19.1363
2022-01-27,455.97,174.3832,131.7443,203.4038,176.4623,19.2506
2022-01-28,456.9001,174.3852,131.7261,204.5515,176.3359,19.4816
2022-01-31,461.2208,176.2043,132.6284,206.1284,185.2928,19.1913
2022-02-01,450.4035,175.0328,132.2061,206.918,183.0876,19.1058
2022-02-02,449.3606,175.6295,132.2389,208.6172,184.5445,18.9437
2022-02-03,441.0834,175.2816,131.9529,209.4828,180.1309,18.8069
2022-02-04,439.9015,173.3923,131.3654,208.8493,179.1383,18.9902
2022-02-07,449.3598,173.9656,131.7812,209.486,181.5482,19.3953
2022-02-08,449.5772,175.0549,132.2239,211.0319,183.0476,19.3897
2022-02-09,462.0906,179.6308,133.4853,210.2828,188.1516,19.3224
2022-02-10,459.7085,179.0964,133.2106,211.3189,182.9349,19.6179
2022-02-11,457.3215,179.3275,132.9612,207.6587,183.1376,19.4604
2022-02-14,467.7573,180.3527,133.0577,205.2337,186.6373,19.4743
2022-02-15,459.9407,182.021,133.6292,206.7506,185.8327,19.3802
2022-02-16,468.0246,184.6644,134.1226,206.6198,187.1697,19.559
2022-02-17,468.3733,184.1017,134.0529,203.006,180.8626,19.3273
2022-02-18,465.5899,183.9026,134.3486,204.2511,179.4846,19.3785
2022-02-21,466.332,181.8358,133.9641,201.46,179.9107,19.4847
2022-02-22,467.863,181.63,133.8773,201.2296,181.6733,19.4809
2022-02-23,453.2802,178.7999,132.7846,200.0773,176.584,19.4327
2022-02-24,465.5531,179.6858,132.9878,198.4932,183.0505,19.7015
2022-02-25,469.1693,181.2021,133.4181,197.0609,187.5775,19.5994
2022-02-28,460.9242,179.4457,132.806,196.0026,184.8736,19.4229
2022-03-01,448.9712,178.6536,132.5478,193.8192,180.3716,19.1085
2022-03-02,449.4542,178.3733,132.4096,193.0019,177.126,18.928
2022-03-03,447.2056,178.036,132.3616,193.0462,179.3786,18.8487
2022-03-04,442.2766,177.8362,132.3453,191.8376,175.7385,18.9161
2022-03-07,442.7927,180.8602,133.2526,193.291,175.8272,18.461
2022-03-08,441.7726,180.4151,132.9945,193.5646,175.7802,18.6055
2022-03-09,438.9941,179.1096,132.7185,194.2614,174.2899,18.8639
2022-03-10,430.5566,178.5971,132.4008,192.8558,173.9413,18.6047
2022-03-11,422.1769,185.788,134.1331,196.1275,173.4747,18.1007
2022-03-14,413.7837,185.5019,134.0241,196.6126,171.2852,18.1221
2022-03-15,416.4712,186.1122,134.4186,196.8545,172.9506,18.279
2022-03-16,411.1147,186.3388,134.535,196.7246,169.1714,18.0986
2022-03-17,413.5116,185.8811,134.3519,195.4949,170.7373,18.0462
2022-03-18,412.0935,186.8351,134.6134,195.1087,170.2089,17.9922
2022-03-21,411.1703,185.6966,134.1107,194.2686,168.7019,18.2391
2022-03-22,409.3103,186.9074,134.0868,197.3584,170.1264,18.3242
2022-03-23,405.6106,182.0253,132.6853,197.0983,168.5401,18.7898
2022-03-24,407.3132,181.3758,132.3661,197.8034,167.8982,18.8242
2022-03-25,407.1059,183.4261,133.2356,199.4693,167.3842,18.7015
2022-03-28,410.7916,184.2932,133.3978,201.0492,168.0991,18.985
2022-03-29,407.0535,183.0746,132.9564,198.0371,163.4001,18.6227
2022-03-30,409.344,183.9726,133.3862,192.6805,164.1263,18.1185
2022-03-31,407.9468,183.3338,133.1816,192.1418,165.3638,18.124
2022-04-01,406.2054,182.028,132.8832,189.4966,166.8112,17.6312
2022-04-04,408.6808,180.7143,132.2635,191.4349,166.3566,17.9804
2022-04-05,414.6045,173.6511,130.0264,187.466,166.1518,18.4178
2022-04-06,412.7268,171.3251,129.3974,185.3674,163.4873,18.273
2022-04-07,405.128,167.5152,128.1348,183.6975,159.585,18.522
2022-04-08,396.9653,166.1999,127.641,183.4481,157.6469,18.3437
2022-04-11,392.2695,164.2785,127.173,184.5209,156.1389,18.3533
2022-04-12,394.585,167.2137,127.8236,185.1645,157.4734,18.2232
2022-04-13,390.7128,166.3271,127.1841,183.604,157.0115,18.339
2022-04-14,388.3527,163.2869,126.4629,181.1793,155.4011,18.3555
2022-04-15,371.0827,160.4665,125.324,180.0523,149.2108,18.0101
2022-04-18,370.3534,163.9611,126.1786,178.7849,150.4677,17.7917
2022-04-19,372.0779,166.1731,126.6116,179.6355,152.4647,17.6333
2022-04-20,371.2109,168.2661,127.5634,179.6449,156.6232,17.3994
2022-04-21,371.1754,167.8465,127.353,179.5287,155.7373,17.98
2022-04-22,366.9974,163.1116,126.1391,179.3208,151.9959,18.3047
2022-04-25,365.1995,163.1185,126.2234,181.8175,146.3779,18.156
2022-04-26,371.6775,166.644,127.3949,183.1383,147.8667,18.0407
2022-04-27,376.5554,166.9612,127.5686,182.8252,149.9586,18.1908
2022-04-28,365.0951,165.4059,127.0944,182.5303,146.8273,17.922
2022-04-29,364.1656,166.0407,127.3424,183.6316,142.3119,17.7613
2022-05-02,366.3363,166.2252,127.2974,176.2962,143.2268,17.2496
2022-05-03,367.2807,164.0528,126.4586,175.4709,142.2195,17.3125
2022-05-04,367.0199,165.8427,126.7575,175.8788,143.0479,17.0831
2022-05-05,363.1319,165.9541,126.6026,176.8774,142.2165,17.0806
2022-05-06,356.822,166.338,126.3633,176.6192,140.3261,16.7813
2022-05-09,353.13,166.0498,126.5266,176.5426,140.0216,16.5902
2022-05-10,350.1112,166.4963,126.4818,174.7693,137.4302,16.5186
2022-05-11,352.4111,163.2027,125.7226,172.7828,136.2669,16.7548
2022-05-12,350.1246,162.9394,125.8166,172.8785,135.4188,16.4512
2022-05-13,352.0823,166.3255,126.8104,172.8501,136.815,16.3413
2022-05-16,365.9511,169.571,127.8438,175.0863,142.9039,16.7842
2022-05-17,366.23,168.493,127.5477,174.9444,142.651,16.7633
2022-05-18,361.5684,168.2595,127.3937,173.6316,140.6691,16.3806
2022-05-19,360.8088,168.7864,128.1218,176.2684,141.6302,16.6194
2022-05-20,359.3346,169.5198,127.8201,177.2977,140.7247,16.758
2022-05-23,354.7483,167.6977,127.461,174.1508,138.3304,16.6408
2022-05-24,358.0797,169.5351,128.2078,177.1857,140.7409,16.6748
2022-05-25,362.1635,169.2799,128.3431,179.2702,143.0362,16.6526
2022-05-26,357.462,168.0627,127.9999,178.7939,139.775,16.5881
2022-05-27,348.7399,164.9558,127.0935,174.8568,134.7983,16.4804
2022-05-30,351.1061,164.525,126.9504,173.6909,134.3636,16.5232
2022-05-31,353.0455,164.2844,126.8914,174.5865,134.1841,15.9722
2022-06-01,347.3776,163.141,126.5044,175.6604,134.3352,16.0402
2022-06-02,339.1308,164.3045,126.8755,175.42,131.4638,15.7374
2022-06-03,343.1874,164.1539,126.7721,175.2193,131.8857,15.6118
2022-06-06,339.7486,164.0477,127.0899,175.8208,130.4448,15.282
2022-06-07,339.039,165.2273,127.1778,176.8459,131.1302,15.2955
2022-06-08,338.0957,163.2255,126.4623,179.1735,129.363,15.5136
2022-06-09,338.4957,165.0381,126.6577,177.1686,129.7755,15.3323
2022-06-10,332.9801,163.5627,126.3275,176.4162,127.8877,15.3919
2022-06-13,339.21,164.585,126.8712,179.3757,128.6384,15.489
2022-06-14,340.7833,165.1732,127.1196,179.9023,125.7479,15.6009
2022-06-15,342.2338,162.2423,126.4366,180.2573,125.7264,15.9077
2022-06-16,339.7081,161.4193,126.3434,179.5294,124.8419,16.1231
2022-06-17,342.429,163.4327,126.4795,178.5014,125.3888,15.955
2022-06-20,327.7674,160.2788,125.6488,178.2914,117.1684,15.6779
2022-06-21,330.0535,162.0507,125.994,175.6145,117.7953,15.5025
2022-06-22,334.1077,161.0562,125.6369,176.1359,120.0685,15.7834
2022-06-23,337.016,157.6523,124.335,177.6863,119.3421,16.0961
2022-06-24,331.0242,157.7043,123.9783,177.8319,117.3404,16.1397
2022-06-27,337.736,159.0479,124.1599,177.6816,119.0535,16.0228
2022-06-28,349.9751,160.969,124.5198,179.1249,123.6362,16.096
2022-06-29,342.6195,159.9005,123.8474,178.9541,121.1426,16.0055
2022-06-30,343.9593,159.8769,124.1699,180.0586,122.1241,16.0048
2022-07-01,348.1313,160.4525,124.3132,178.6194,123.0864,16.1566
2022-07-04,348.6126,160.1664,124.231,179.5486,123.5717,16.2102
2022-07-05,346.3693,160.474,123.6885,179.8162,125.7896,16.162
2022-07-06,338.707,158.7477,123.2838,179.7226,123.6297,16.1341
2022-07-07,325.4935,154.8414,122.1834,176.9792,119.3861,15.9227
2022-07-08,317.2284,153.551,121.7174,175.2086,114.1123,15.681
2022-07-11,319.6059,153.9969,121.8853,174.1847,113.9872,15.65
2022-07-12,326.733,156.2443,122.6404,175.3731,116.1662,15.7956
2022-07-13,328.2817,157.756,123.1965,173.7009,115.7053,15.5833
2022-07-14,323.912,155.9693,122.6101,171.139,113.2506,15.1816
2022-07-15,331.0603,158.3526,123.313,171.8011,116.6522,15.2955
2022-07-18,337.2414,158.3001,123.3581,171.3175,118.6277,15.3045
2022-07-19,335.936,156.3288,122.4046,169.9519,117.3703,14.9872
2022-07-20,334.8394,154.7033,121.9332,169.3905,115.2069,14.9506
2022-07-21,327.229,153.124,121.5046,170.8611,111.9192,15.0123
2022-07-22,329.7302,153.5049,121.5154,172.2872,111.5422,14.9996
2022-07-25,327.3698,151.068,120.5722,173.5379,110.3192,15.2671
2022-07-26,326.6131,149.6605,120.2494,172.8191,110.3228,15.2568
2022-07-27,328.8455,149.7966,120.3902,173.0962,110.0735,15.2987
2022-07-28,319.7733,148.1661,119.876,174.2432,109.3653,15.082
2022-07-29,320.8777,147.8494,119.7152,175.2512,109.6867,15.1105
2022-08-01,321.5071,149.3682,120.1466,176.8232,109.6377,14.9522
2022-08-02,321.5068,149.1581,119.9369,177.5869,109.6604,15.1359
2022-08-03,317.4028,149.1491,119.7524,176.9433,107.2972,14.9293
2022-08-04,311.6496,148.15,119.4569,176.6231,105.5673,14.8511
2022-08-05,309.7081,152.2733,120.6311,178.203,106.6991,14.6098
2022-08-08,310.473,152.0823,120.4648,178.5398,105.5063,14.6807
2022-08-09,310.1219,152.1956,120.4059,178.1799,105.3908,14.6909
2022-08-10,313.8903,150.4879,120.0673,176.585,107.1132,14.8331
2022-08-11,316.9502,152.882,120.8516,178.3042,108.4684,14.8449
2022-08-12,317.8652,152.8328,120.7975,179.3196,106.6433,14.9976
2022-08-15,318.3261,152.3639,120.5294,177.671,107.4762,14.8655
2022-08-16,316.4145,150.8852,119.9593,176.5156,106.4551,14.824
2022-08-17,316.4215,151.0643,119.5149,176.232,105.9821,14.4854
2022-08-18,306.3962,149.2589,118.8307,175.2242,102.493,14.3468
2022-08-19,305.5609,148.5263,118.3411,171.9978,103.4032,14.3521
2022-08-22,304.5999,149.1587,118.3872,173.5839,102.276,14.5308
2022-08-23,304.3059,147.9697,117.9801,172.1275,102.9497,14.5097
2022-08-24,299.778,147.3173,117.7223,172.5908,101.5372,14.3416
2022-08-25,301.2813,146.9941,117.4009,171.1634,101.2358,14.3242
2022-08-26,299.2437,146.0045,116.7721,169.2408,100.0218,14.1219
2022-08-29,297.3792,146.3774,117.5379,171.6094,100.5102,14.144
2022-08-30,300.384,144.3257,116.3531,169.6562,102.3666,14.5546
2022-08-31,303.0197,145.4262,117.0512,170.4973,103.7268,14.7162
2022-09-01,301.618,146.9416,117.4406,171.6113,104.5951,14.7524
2022-09-02,303.0456,146.9468,117.5816,172.3689,104.1794,14.8958
2022-09-05,304.9024,148.1199,117.8301,175.092,104.1412,15.0581
2022-09-06,308.1581,147.2049,117.5798,174.6813,104.4968,15.2711
2022-09-07,308.8041,147.8382,117.7979,174.8384,103.6577,15.4947
2022-09-08,301.6702,149.8662,118.2237,176.5668,103.0581,15.2687
2022-09-09,303.129,150.7988,118.6999,177.7936,101.0072,15.4254
2022-09-12,303.9462,152.7642,118.8563,176.9957,101.5208,15.2672
2022-09-13,300.2966,149.6134,117.595,177.6848,99.8678,15.5669
2022-09-14,300.7134,150.709,117.8071,178.4467,99.7936,15.6914
2022-09-15,301.7879,149.3133,117.3638,177.6438,98.6562,15.8697
2022-09-16,303.4944,148.8186,117.4597,181.6326,99.034,16.1211
2022-09-19,298.2453,148.195,117.1973,178.4923,97.9507,15.6727
2022-09-20,305.3265,150.3929,117.9883,180.2922,102.137,15.8919
2022-09-21,303.7722,149.3348,117.1713,180.6335,102.017,15.8613
2022-09-22,303.199,149.1477,117.961,183.1125,103.1387,15.8289
2022-09-23,301.4287,148.2549,117.6858,180.9404,102.0185,15.8324
2022-09-26,305.4224,151.9269,118.426,180.8154,102.4376,16.1325
2022-09-27,309.1569,153.8685,119.0358,179.5131,103.5571,15.9796
2022-09-28,314.8257,154.9737,119.3873,178.4553,103.7789,15.9928
2022-09-29,316.5955,154.5252,119.4004,179.9502,104.7121,16.2164
2022-09-30,317.6705,154.4803,119.425,179.2969,104.4984,16.231
2022-10-03,321.1489,157.961,120.4648,179.3749,106.8558,16.2269
2022-10-04,313.2077,155.3399,119.7705,181.1755,105.1668,16.1325
2022-10-05,313.2164,157.7309,120.3491,183.0695,106.1882,15.9552
2022-10-06,316.8122,156.8355,120.3204,181.1818,105.9168,15.8236
2022-10-07,319.4685,159.7696,121.0179,182.4508,105.8824,15.751
2022-10-10,318.9153,159.7805,121.1623,182.1377,104.7042,15.6746
2022-10-11,318.6734,159.5724,121.2443,182.0344,104.6475,15.7956
2022-10-12,317.2741,158.612,120.875,184.5737,104.5235,15.9629
2022-10-13,315.9131,155.3013,120.0073,182.5917,102.9227,15.8998
2022-10-14,352.9028,162.0325,121.9385,184.0388,112.4864,16.4234
2022-10-17,351.5134,159.8912,121.5005,180.8807,111.0565,16.255
2022-10-18,356.7241,158.9553,121.088,181.4445,114.0185,16.4389
2022-10-19,352.3467,158.2913,121.1832,183.6335,112.1142,16.3626
2022-10-20,354.5088,158.9349,121.3237,183.0461,112.4671,16.6249
2022-10-21,354.2041,159.1829,121.3372,183.5591,113.242,16.9023
2022-10-24,353.4823,158.6557,121.3191,184.0362,112.5411,16.7921
2022-10-25,342.7628,156.73,120.7448,183.0879,108.5995,16.5664
2022-10-26,334.9846,154.8538,120.0982,182.6025,105.7161,16.6789
2022-10-27,337.7811,154.9028,120.0378,182.097,106.5651,16.6153
2022-10-28,334.7667,154.2722,120.0146,181.5943,106.1579,16.6363
2022-10-31,334.1991,155.8442,120.4725,183.3169,106.4703,16.5153
2022-11-01,329.8376,153.2633,119.8654,184.8059,105.185,16.5343
2022-11-02,326.2439,152.0473,119.4957,186.408,104.9108,16.6001
2022-11-03,318.2644,149.0676,118.835,186.4371,101.8922,16.7403
2022-11-04,316.8625,148.6585,118.7676,185.2628,101.4312,16.4536
2022-11-07,308.2425,147.7835,118.8706,184.9258,98.6895,16.624
2022-11-08,312.1528,145.9425,118.6759,186.8126,100.2023,16.7379
2022-11-09,305.1896,145.3774,118.6607,188.8129,99.8106,16.6105
2022-11-10,302.9296,144.4749,118.3725,190.6709,99.5921,16.5904
2022-11-11,299.4566,142.2089,117.4323,191.0937,98.7492,16.5508
2022-11-14,304.7413,143.5132,117.8154,191.9375,100.552,16.7267
2022-11-15,306.4522,142.4928,117.5006,194.3079,101.0273,17.8159
2022-11-16,315.1017,144.2021,118.0888,191.2958,103.5731,17.6362
2022-11-17,321.4198,144.0004,118.1844,190.6759,104.2844,17.949
2022-11-18,316.1898,141.7207,117.3407,188.7525,102.9189,17.9545
2022-11-21,319.0836,141.3132,117.5107,188.3754,103.2285,17.9674
2022-11-22,319.9432,141.3423,117.3192,185.9,103.7526,17.7928
2022-11-23,317.0709,140.0842,116.8436,185.7029,103.0822,17.8899
2022-11-24,317.1491,139.4439,116.4227,189.4628,103.5405,18.1572
2022-11-25,317.95,139.2712,116.4106,188.4097,104.8883,18.0248
2022-11-28,318.3638,139.6826,116.5581,187.2754,105.4502,17.9347
2022-11-29,322.8999,137.5543,116.0255,187.4817,105.7416,18.2134
2022-11-30,324.4757,138.4625,116.3166,188.8172,106.8736,18.4218
2022-12-01,317.9937,136.1815,115.2195,188.3794,104.0873,18.5265
2022-12-02,323.249,136.7876,115.361,188.9855,105.5814,18.5053
2022-12-05,319.7758,136.855,115.5105,190.3315,104.5236,18.584
2022-12-06,317.7646,135.9949,116.6384,192.4128,104.9337,18.3225
2022-12-07,320.3269,136.3112,116.7135,193.194,105.2248,18.3807
2022-12-08,321.2776,138.8012,117.3483,193.6541,106.1198,18.1044
2022-12-09,320.6423,137.1321,117.0166,194.8319,105.9852,17.7365
2022-12-12,318.2082,137.1264,117.088,191.9445,105.4722,17.4597
2022-12-13,315.6803,137.4236,117.2461,198.2956,104.7136,16.9434
2022-12-14,318.9417,139.0852,117.8116,199.5218,106.1436,17.0586
2022-12-15,320.6636,138.4909,117.3284,199.0225,105.9193,17.2785
2022-12-16,320.7727,138.7207,117.5022,195.7914,107.6362,17.0428
2022-12-19,322.1676,138.6169,117.4402,195.1559,108.1595,18.0269
2022-12-20,325.7441,138.7776,117.4571,194.1875,108.1667,18.2106
2022-12-21,326.0767,139.1107,117.4634,193.7513,107.7246,18.2264
2022-12-22,326.7849,137.6202,117.1212,194.2844,107.447,18.637
2022-12-23,327.9371,136.8966,117.0453,191.7861,106.3463,18.5957
2022-12-26,326.1519,136.9232,117.0962,193.0039,106.8985,18.6567
2022-12-27,318.1776,136.5269,116.8004,190.024,103.7596,18.5379
2022-12-28,313.389,135.391,116.5166,191.5304,102.125,18.4896
2022-12-29,313.0401,134.3006,116.261,191.424,102.3603,18.4937
2022-12-30,311.5946,132.804,115.7401,188.8979,99.5425,18.4679
2023-01-02,320.0309,134.5229,116.3074,191.495,101.9825,18.4254
2023-01-03,318.141,133.4604,116.1801,191.5675,101.1356,18.6337
2023-01-04,318.4148,134.396,116.5238,189.7066,101.6538,18.764
2023-01-05,316.1915,135.2169,116.6753,191.6589,101.096,18.6382
2023-01-06,316.2068,134.5446,116.2451,192.8013,101.0789,18.9416
2023-01-09,314.8842,135.0841,116.2702,193.9155,103.1907,18.9283
2023-01-10,317.3144,135.6775,116.393,190.0459,103.1525,18.667
2023-01-11,317.2457,134.2285,115.8237,189.9009,102.9382,18.6445
2023-01-12,310.5587,133.0296,115.7409,187.6466,101.4076,18.4832
2023-01-13,310.2745,133.5607,115.8687,189.9408,102.4768,18.4041
2023-01-16,312.8463,133.3124,115.8491,194.5068,102.7568,18.6104
2023-01-17,312.191,132.1625,115.5587,194.5907,104.0858,18.8929
2023-01-18,313.3516,131.8997,115.5695,194.5168,103.9457,19.0662
2023-01-19,314.2333,131.1706,115.4286,194.7009,103.7511,19.1661
2023-01-20,315.7209,125.961,113.7666,190.9979,103.1315,19.3114
2023-01-23,310.5022,125.6644,113.5823,188.4587,101.1046,19.3075
2023-01-24,311.9267,125.6815,113.4844,188.7481,97.5229,19.1606
2023-01-25,312.63,125.3938,113.2941,187.659,97.6522,18.9926
2023-01-26,315.7482,124.9796,113.1677,186.9783,98.0115,19.1139
2023-01-27,315.1685,125.4595,113.1706,183.3416,96.7409,18.7372
2023-01-30,315.2501,125.1256,112.8185,182.9124,97.0635,18.749
2023-01-31,310.458,125.4588,112.8287,183.6314,95.6767,18.3447
2023-02-01,316.4181,124.6674,112.6093,180.2266,98.4915,18.064
2023-02-02,314.3488,125.1661,112.5992,181.0815,98.8774,17.8981
2023-02-03,319.6583,124.3724,112.3763,180.5567,100.8703,18.0858
2023-02-06,318.9873,124.1204,112.1402,180.0838,101.1528,17.8864
2023-02-07,318.8518,124.0463,112.0523,163.1411,101.1396,16.9551
2023-02-08,321.9345,125.5158,112.3325,161.2885,102.5004,16.7471
2023-02-09,324.1138,125.6479,112.2988,161.6898,103.4129,16.7277
2023-02-10,320.9146,126.6624,112.8061,162.3704,101.9366,16.7299
2023-02-13,316.4251,127.3906,113.0865,161.6273,101.9794,16.8177
2023-02-14,317.4939,128.1188,113.0846,161.3508,104.0613,16.9799
2023-02-15,319.3935,130.0371,113.7546,163.8826,105.6979,16.3995
2023-02-16,320.9239,131.8386,114.2034,165.2171,107.3843,16.4484
2023-02-17,323.3023,131.4053,114.2067,164.5616,107.7433,16.3865
2023-02-20,325.8077,131.3932,114.1725,158.6816,108.2936,16.3258
2023-02-21,334.2726,129.1845,113.472,158.3396,111.4776,16.6823
2023-02-22,326.685,130.23,113.6359,158.93,109.9192,16.7529
2023-02-23,326.2196,130.9072,113.8316,158.662,111.2619,16.2931
2023-02-24,326.9635,131.8262,113.7461,157.8268,111.1283,16.1463
2023-02-27,328.1525,131.6012,113.6805,158.3276,111.9836,16.316
2023-02-28,327.9778,132.0029,113.8221,159.4898,112.657,16.3892
2023-03-01,324.0914,132.288,113.8653,160.873,112.2596,16.4673
2023-03-02,327.5699,131.9442,113.8907,160.7248,113.6169,16.5427
2023-03-03,330.4477,132.1765,113.8807,160.9191,113.756,16.433
2023-03-06,334.8531,131.7756,113.8576,161.4523,114.8393,16.6926
2023-03-07,338.3966,131.2816,113.7577,161.8704,115.5743,16.9273
2023-03-08,339.4667,132.6887,114.199,162.648,116.0479,17.0416
2023-03-09,338.8424,133.571,114.5901,162.5222,113.7874,17.1131
2023-03-10,334.8493,134.4956,114.7647,161.079,112.4633,16.8654
2023-03-13,336.3243,133.557,114.2486,160.8993,111.6949,16.9406
2023-03-14,340.5096,133.2187,114.1985,160.739,114.2614,17.0232
2023-03-15,339.6196,133.8198,114.4254,161.1636,115.3008,16.8757
2023-03-16,349.9334,133.5264,114.4277,161.4606,118.5209,17.0894
2023-03-17,347.052,133.0452,114.314,161.1328,116.4059,16.9822
2023-03-20,348.3058,132.0844,114.1064,160.0423,115.677,17.0205
2023-03-21,344.8922,131.7481,113.9083,160.2466,115.3384,17.41
2023-03-22,343.1825,131.5759,113.7598,164.4529,112.968,17.6116
2023-03-23,345.2504,131.3313,113.7929,165.8351,113.193,17.4161
2023-03-24,346.9566,132.0877,114.1029,165.8396,113.5013,17.4159
2023-03-27,350.6346,132.9632,114.1282,164.921,115.3966,17.172
2023-03-28,356.6596,131.9535,113.8387,164.1802,116.8552,17.3872
2023-03-29,352.0255,133.7006,114.3614,165.8444,118.7818,17.9867
2023-03-30,351.7503,133.9725,114.5174,167.3136,118.3319,18.2129
2023-03-31,350.3279,134.4376,114.4504,166.5165,119.3101,17.9079
2023-04-03,351.0269,135.7317,114.8209,166.9954,118.3459,17.7276
2023-04-04,347.6558,137.4365,115.4072,168.1402,115.749,17.8871
2023-04-05,347.891,136.5758,115.2225,170.3321,115.6883,17.985
2023-04-06,348.7637,135.9541,115.2026,169.5441,115.5065,18.2145
2023-04-07,348.755,139.9307,116.6334,171.8114,114.2605,18.1598
2023-04-10,350.1653,138.145,116.1215,170.2042,114.5066,18.4049
2023-04-11,352.424,137.4311,115.8865,166.3862,114.3158,18.3152
2023-04-12,344.5326,136.1243,115.4597,165.1924,112.2836,18.2614
2023-04-13,345.3344,136.0792,115.4339,165.2119,114.0584,18.2642
2023-04-14,344.7241,137.2404,115.4525,163.7564,113.7103,17.7591
2023-04-17,347.6218,137.8767,115.7434,168.5223,115.4491,18.1356
2023-04-18,345.3854,137.5947,115.7993,167.8748,114.9314,18.0467
2023-04-19,342.1575,137.6655,115.926,166.5051,114.686,17.8491
2023-04-20,340.3117,139.1489,116.3991,166.4788,115.9017,17.4595
2023-04-21,338.8343,138.2064,116.2659,167.3535,118.1418,17.1511
2023-04-24,340.1554,138.3131,116.3867,164.544,119.4745,17.0604
2023-04-25,345.2454,135.588,115.6,164.2216,118.4441,17.2701
2023-04-26,343.4119,136.8465,115.8912,164.7757,118.6416,17.3477
2023-04-27,346.9563,136.1844,115.7388,167.6341,119.0675,17.7815
2023-04-28,346.0788,137.3196,116.183,169.0561,119.6814,17.8072
2023-05-01,343.8765,138.0228,116.4301,170.2534,119.6734,17.8829
2023-05-02,343.4138,138.0863,116.4442,169.9926,118.2412,17.9073
2023-05-03,340.5587,138.3833,116.5821,170.7498,117.05,17.4388
2023-05-04,337.2681,138.5908,116.5453,173.4426,116.6544,17.5592
2023-05-05,343.0461,137.7273,116.6574,171.5749,120.5961,17.6903
2023-05-08,344.42,137.8582,116.7527,170.3627,121.2448,17.9097
2023-05-09,344.6095,140.7332,117.6314,171.9341,122.2939,18.1494
2023-05-10,347.516,140.7521,117.6258,171.3357,123.1038,18.0599
2023-05-11,346.3447,140.655,117.7532,172.2753,123.0426,18.1073
2023-05-12,347.0536,140.5626,117.3697,172.2486,122.8365,18.2092
2023-05-15,346.7242,141.4304,117.5486,172.7409,123.149,18.2931
2023-05-16,347.2209,142.1946,117.8458,178.017,124.4574,18.6494
2023-05-17,347.4515,143.1958,117.9908,178.1528,124.374,18.7586
2023-05-18,352.1787,142.8164,117.7602,179.6552,127.0953,19.1287
2023-05-19,358.3507,140.2846,117.0577,178.4725,128.6924,19.2136
2023-05-22,358.9834,139.9682,116.878,178.3464,129.3058,19.363
2023-05-23,358.8483,140.4447,116.9179,177.4119,129.1874,19.4776
2023-05-24,357.2268,140.1017,116.7039,177.8883,128.6244,19.7016
2023-05-25,354.1206,140.8371,116.9724,177.4012,127.5684,19.3822
2023-05-26,344.3437,141.3186,117.1832,175.4004,123.931,19.2634
2023-05-29,345.1634,141.9083,117.2286,173.5219,122.1101,19.04
2023-05-30,346.0117,141.2468,117.0149,173.4961,120.5597,19.1119
2023-05-31,348.5275,140.806,116.9714,172.7107,121.6922,18.7701
2023-06-01,349.2571,140.8789,117.0992,173.5896,123.5855,18.7179
2023-06-02,349.0161,141.7213,117.2584,174.4572,123.0237,18.7732
2023-06-05,353.1147,139.7294,116.7056,175.4626,124.438,18.3398
2023-06-06,354.1044,139.8811,116.798,174.8433,125.1432,18.2305
2023-06-07,347.9732,141.8441,117.4016,174.84,122.2668,17.4637
2023-06-08,352.3364,140.9347,117.2008,174.7823,124.6091,17.6171
2023-06-09,353.5861,139.6328,116.877,174.3488,123.5923,17.7277
2023-06-12,354.5849,138.8847,116.6057,174.1765,122.8415,17.8094
2023-06-13,353.4789,138.8588,116.6373,173.0948,122.4715,17.8238
2023-06-14,356.5569,137.1915,116.2325,171.4001,122.8283,17.6856
2023-06-15,360.6909,136.5064,116.0088,172.4302,123.377,17.8313
2023-06-16,361.7585,136.6754,116.2675,171.7157,124.3768,18.0769
2023-06-19,361.9288,136.6328,116.3807,171.6538,123.8099,18.1091
2023-06-20,367.4205,136.1965,116.2416,171.736,123.3804,18.1056
2023-06-21,364.0107,136.3052,116.4166,172.055,121.1205,17.9475
2023-06-22,356.3619,136.6102,116.5574,172.6224,116.5462,17.7961
2023-06-23,359.2778,136.068,116.5074,170.3788,117.1916,17.8805
2023-06-26,359.3831,136.7515,116.9036,170.6288,117.2057,17.8658
2023-06-27,360.8189,135.7771,116.6851,169.6361,118.1619,17.8815
2023-06-28,366.7337,134.1337,116.1694,174.0696,118.9141,18.2315
2023-06-29,371.2161,133.6747,115.9012,174.2972,121.5859,18.1755
2023-06-30,369.0691,133.6162,115.9686,172.6605,120.0284,18.1794
2023-07-03,373.3557,132.4595,115.6528,173.623,121.3802,18.3422
2023-07-04,367.8278,133.0249,115.9187,173.4942,119.0566,18.4383
2023-07-05,368.5813,133.3245,116.0878,173.1694,118.9007,18.5452
2023-07-06,370.9156,132.8914,115.9253,175.0701,118.852,18.8939
2023-07-07,371.706,132.1415,115.6317,174.7662,118.6483,18.8658
2023-07-10,372.1433,131.0193,115.0951,173.7994,119.5539,18.9254
2023-07-11,372.3608,131.0272,115.0519,175.3857,120.3522,18.8551
2023-07-12,364.0866,130.2828,114.7612,177.4283,117.9252,18.6334
2023-07-13,360.7344,130.1953,114.8041,175.986,115.7896,18.614
2023-07-14,362.2511,129.241,114.4336,175.5682,114.8434,18.8801
2023-07-17,363.4964,128.4678,114.2295,175.5513,114.4948,19.0597
2023-07-18,363.4791,128.5608,114.2717,175.7493,110.3959,19.0919
2023-07-19,359.0907,129.2582,114.4148,175.3002,108.5316,18.884
2023-07-20,361.2511,129.99,114.6059,175.5617,107.7606,19.1409
2023-07-21,361.3733,130.7922,114.8985,176.0394,106.3571,19.0332
2023-07-24,367.2589,129.8729,114.6756,176.6171,107.9601,18.9887
2023-07-25,369.7577,131.1523,115.2879,176.1169,109.3407,19.2206
2023-07-26,366.2159,131.6683,115.2129,175.3746,107.8857,19.0455
2023-07-27,365.5486,132.7396,115.5798,174.4891,108.301,19.0278
2023-07-28,363.1868,132.7733,115.6638,174.4679,106.9234,18.9751
2023-07-31,364.5444,133.0249,116.0745,174.4956,108.1005,19.0309
2023-08-01,363.0594,131.8574,115.751,172.8766,109.1064,19.0204
2023-08-02,365.8067,130.7454,115.3287,171.7571,110.6922,19.0728
2023-08-03,365.9198,131.8284,115.6428,174.0849,110.8822,19.1401
2023-08-04,367.8651,132.7224,116.0069,174.2198,111.7249,19.0384
2023-08-07,366.8407,133.7035,116.5655,174.6128,111.1983,19.0499
2023-08-08,370.5583,133.8018,116.6216,174.8421,114.0078,18.7456
2023-08-09,376.5577,132.7678,116.4149,175.3214,114.4292,18.8613
2023-08-10,377.0634,131.8417,116.1146,173.3047,114.6507,18.7173
2023-08-11,379.461,132.0421,116.1534,174.0208,116.1571,18.8099
2023-08-14,381.9744,130.9192,115.7589,172.898,116.9879,18.5277
2023-08-15,384.4983,129.7401,115.3692,176.331,117.2862,18.4215
2023-08-16,384.7329,132.0457,116.0232,178.535,117.1726,18.7117
2023-08-17,385.0714,132.1535,116.4271,176.3993,118.3673,18.684
2023-08-18,385.2527,131.2991,116.0623,173.0755,118.7704,18.4715
2023-08-21,387.1862,131.324,116.1413,171.6931,120.3228,18.5188
2023-08-22,388.458,131.3799,116.0849,171.3946,119.797,18.4868
2023-08-23,389.6039,132.0303,116.1865,171.0708,120.33,17.9785
2023-08-24,389.4504,134.1288,116.8809,172.2222,118.344,17.9291
2023-08-25,391.4534,134.1976,116.9721,172.8555,118.7352,18.0599
2023-08-28,396.0551,134.1137,116.8606,174.7966,122.8627,18.0841
2023-08-29,394.2554,135.215,117.2472,175.1453,124.4379,18.1767
2023-08-30,395.2742,134.109,116.7465,173.9511,125.6497,18.1752
2023-08-31,401.5304,133.0081,116.3993,172.8712,127.7275,18.1605
2023-09-01,401.0648,134.0085,116.7164,169.6413,125.7089,17.9529
2023-09-04,402.1864,134.7865,116.9315,171.5693,129.1606,18.0909
2023-09-05,400.1261,137.5209,117.7271,172.5601,129.9945,18.1128
2023-09-06,400.6669,139.6914,118.4363,172.8583,130.8431,18.0355
2023-09-07,406.3159,140.155,118.6049,172.2694,133.013,18.4175
2023-09-08,406.9709,139.3571,118.3519,171.7037,132.8776,18.4319
2023-09-11,407.719,139.4315,118.3606,171.2374,132.4905,18.3751
2023-09-12,405.7572,141.0319,118.7424,172.8964,133.4326,18.406
2023-09-13,409.0712,139.6186,118.2514,171.078,134.2452,18.5322
2023-09-14,409.8538,140.5596,118.5296,173.2115,134.7684,18.3395
2023-09-15,405.6402,142.3311,119.2041,172.4009,133.4609,18.2464
2023-09-18,407.25,142.3071,118.9673,171.5885,136.097,18.0798
2023-09-19,409.4564,142.875,119.1516,170.6666,137.309,18.0615
2023-09-20,405.3707,142.7154,118.9497,168.9997,135.2235,17.8841
2023-09-21,410.0769,141.2635,118.6531,168.549,136.5647,18.1432
2023-09-22,415.9309,140.4515,118.4917,169.876,138.9249,18.6312
2023-09-25,413.3738,140.5991,118.2817,169.9074,137.4549,18.7466
